decisao,nota,data,titulo,categorias,palavras,sinais,slug,id,url
migrar,60,2013-04-03,Sob os passos de nosso Pai Fundador,Artigos,685,salvista sjs fraternidade jesus salvador servos de jesus salvador gilberto votos prior geral cap[íi]tulo geral,sob-os-passos-de-nosso-pai-fundador,1976,https://salvistas.com.br/sob-os-passos-de-nosso-pai-fundador/
migrar,41,2012-07-31,Ser Irmã Salvista na França…,Salvistas em Missão,412,salvista sjs servas de jesus salvador fréjus|frejus|six-fours testemunho,ser-irma-salvista-na-franca,1322,https://salvistas.com.br/ser-irma-salvista-na-franca/
migrar,40,2014-09-10,"SALVISTAS, vinte anos de uma história de Louvor!",Artigos,779,salvista sjs fraternidade jesus salvador gilberto prior geral providência santíssima padrinho|madrinha,salvistas-vinte-anos-de-uma-historia-de-louvor,2319,https://salvistas.com.br/salvistas-vinte-anos-de-uma-historia-de-louvor/
migrar,38,2012-09-25,"A inspiração salvista, dom de Deus",Artigos,381,salvista fraternidade jesus salvador gilberto pentecostes,a-inspiracao-salvista-dom-de-deus,1677,https://salvistas.com.br/a-inspiracao-salvista-dom-de-deus/
migrar,32,2014-11-12,Salvistas evangelizando no Hallel…,Salvistas em Missão,310,salvista sjs juventude salvista,salvistas-evangelizando-no-hallel,2403,https://salvistas.com.br/salvistas-evangelizando-no-hallel/
migrar,30,2014-11-04,Missão Baixada Santista,Salvistas em Missão,478,salvista sjs,missao-baixada-santista,2380,https://salvistas.com.br/missao-baixada-santista/
migrar,28,2014-10-28,“Missão Salvista em Belém”,Salvistas em Missão,335,salvista sjs juventude salvista testemunho,missao-salvista-em-belem,2368,https://salvistas.com.br/missao-salvista-em-belem/
migrar,28,2014-10-28,"Outubro, mês das santas Missões, mês missionário.",Artigos,567,sjs fraternidade jesus salvador servos de jesus salvador servas de jesus salvador gilberto,outubro-mes-das-santas-missoes-mes-missionario,2362,https://salvistas.com.br/outubro-mes-das-santas-missoes-mes-missionario/
migrar,25,2012-11-09,TESTEMUNHO DE UM MISSIONÁRIO,Salvistas em Missão,439,salvista sjs gilberto testemunho minha vocação,testemunho-de-um-missionario,1793,https://salvistas.com.br/testemunho-de-um-missionario/
migrar,23,2014-06-23,“O Louvor de Deus nos pequeninos!”,Artigos,267,fraternidade jesus salvador ororé|borore noviciado|postulante|aspirante,o-louvor-de-deus-nos-pequeninos,2307,https://salvistas.com.br/o-louvor-de-deus-nos-pequeninos/
migrar,21,2013-04-03,Hoje vivemos uma linda Aliança com a Comunidade,Salvistas em Missão,830,salvista sjs testemunho,testemunho-de-um-missionario-2,1983,https://salvistas.com.br/testemunho-de-um-missionario-2/
migrar,19,2014-06-13,Experiência do Noviciado,Artigos,365,gilberto votos noviciado|postulante|aspirante,experiencia-do-noviciado,2302,https://salvistas.com.br/experiencia-do-noviciado/
migrar,18,2015-01-12,"DOM DADO, CARISMA PARTILHADO",Artigos,430,salvista sjs coimbra|tentúgal|tentugal|arazede|meãs testemunho (papa|bento xvi|card|dom |cnbb|bispo),dom-dado-carisma-partilhado,2440,https://salvistas.com.br/dom-dado-carisma-partilhado/
migrar,17,2014-06-03,OS FRUTOS DE PENTECOSTES,Artigos,558,salvista pentecostes,os-frutos-de-pentecostes,2294,https://salvistas.com.br/os-frutos-de-pentecostes/
migrar,12,2014-04-03,Beato José de Anchieta,Mundo,1418,votos coimbra|tentúgal|tentugal|arazede|meãs,beato-jose-de-anchieta,2188,https://salvistas.com.br/beato-jose-de-anchieta/
migrar,11,2011-06-13,Solenidade de Pentecostes – 2011,Notícias,885,pentecostes profiss[ãa]o,solenidade-de-pentecostes-2011-2,474,https://salvistas.com.br/solenidade-de-pentecostes-2011-2/
migrar,11,2011-10-06,A minha vocação,Salvistas,457,minha vocação,a-minha-vocacao,1024,https://salvistas.com.br/a-minha-vocacao/
migrar,11,2014-07-22,"Ser Mãe, um ato de Amor.",Artigos,462,fraternidade jesus salvador minha vocação,ser-mae-um-ato-de-amor,2315,https://salvistas.com.br/ser-mae-um-ato-de-amor/
migrar,11,2016-02-01,Salvistas no ENF 2016,Salvistas,42,salvista,salvistas-no-enf-2016,2643,https://salvistas.com.br/salvistas-no-enf-2016/
migrar,10,2011-05-18,Notícias da RCC Brasil,Notícias,262,pentecostes testemunho,noticias-da-rcc-brasil,450,https://salvistas.com.br/noticias-da-rcc-brasil/
revisar,9,2014-11-12,Santa Teresinha,Artigos,511,salvista sjs testemunho,santa-teresinha,2400,https://salvistas.com.br/santa-teresinha/
revisar,8,2011-05-31,A caminho de Pentecostes,Notícias,680,pentecostes testemunho cn,a-caminho-de-pentecostes,441,https://salvistas.com.br/a-caminho-de-pentecostes/
revisar,8,2011-10-27,Acamp’s Dance,Salvistas,137,acamp,acamps-dance,1059,https://salvistas.com.br/acamps-dance/
revisar,8,2014-05-25,"MARIA, MÃE DO LOUVOR DE DEUS",Artigos,354,salvista gilberto,maria-mae-do-louvor-de-deus,2285,https://salvistas.com.br/maria-mae-do-louvor-de-deus/
revisar,8,2016-02-15,Salvistas nas missões de carnaval,Notícias,71,salvista,salvistas-nas-missoes-de-carnaval,2750,https://salvistas.com.br/salvistas-nas-missoes-de-carnaval/
revisar,7,2013-05-29,No Ano da Fé,Notícias,627,pentecostes profiss[ãa]o cn,no-ano-da-fe,2045,https://salvistas.com.br/no-ano-da-fe/
revisar,6,2011-06-29,60 anos da Ordenação Sacerdotal de Bento XVI,Notícias,812,ordena[çc][ãa]o,60-anos-da-ordenacao-sacerdotal-de-bento-xvi-2,501,https://salvistas.com.br/60-anos-da-ordenacao-sacerdotal-de-bento-xvi-2/
revisar,6,2011-09-19,Bote Fé:,Salvistas,396,gilberto testemunho cn,bote-fe,960,https://salvistas.com.br/bote-fe/
revisar,6,2013-12-10,Círio de Nazaré,Salvistas,690,elém do pará,cirio-de-nazare,2140,https://salvistas.com.br/cirio-de-nazare/
revisar,5,2013-08-23,Vida consagrada,Salvistas,541,minha vocação,vida-consagrada,2078,https://salvistas.com.br/vida-consagrada/
revisar,5,2014-01-20,Dia Mundial de Oração pelas Vocações,Mundo,2802,votos testemunho cn,dia-mundial-de-oracao-pelas-vocacoes,2160,https://salvistas.com.br/dia-mundial-de-oracao-pelas-vocacoes/
revisar,5,2017-02-03,São Brás – Médico e pastor das almas,Salvistas,462,profiss[ãa]o testemunho,sao-bras-medico-e-pastor-das-almas,2891,https://salvistas.com.br/sao-bras-medico-e-pastor-das-almas/
revisar,4,2011-04-19,Pastorais da Juventude,Salvistas,375,ordena[çc][ãa]o,pastorais-da-juventude,401,https://salvistas.com.br/pastorais-da-juventude/
revisar,4,2011-05-26,Comunidades cristãs,Artigos,339,pentecostes testemunho fonte,comunidades-cristas,433,https://salvistas.com.br/comunidades-cristas/
revisar,4,2011-06-08,A Unidade dos Cristãos e a Paz do Mundo,Artigos,593,pentecostes testemunho,a-unidade-dos-cristaos-e-a-paz-do-mundo,468,https://salvistas.com.br/a-unidade-dos-cristaos-e-a-paz-do-mundo/
revisar,4,2011-07-14,Encontro Mundial de Jovens da RCC,Notícias,311,pentecostes testemunho,encontro-mundial-de-jovens-da-rcc,663,https://salvistas.com.br/encontro-mundial-de-jovens-da-rcc/
revisar,4,2011-09-30,O desafio missionário hoje,Salvistas,1171,votos testemunho cn,o-desafio-missionario-hoje,1011,https://salvistas.com.br/o-desafio-missionario-hoje/
revisar,4,2011-10-14,Site de perguntas e respostas,Salvistas,1145,testemunho,site-de-perguntas-e-respostas,1043,https://salvistas.com.br/site-de-perguntas-e-respostas/
revisar,4,2012-07-25,Formação On-line,Artigos,582,sjs,formacao-on-line,1270,https://salvistas.com.br/formacao-on-line/
revisar,4,2012-08-28,A Experiência Carismática na Igreja,Artigos,736,sjs,a-experiencia-carismatica-na-igreja,1590,https://salvistas.com.br/a-experiencia-carismatica-na-igreja/
revisar,4,2012-08-28,A Lectio divina …,Notícias,597,sjs,a-lectio-divina,1585,https://salvistas.com.br/a-lectio-divina/
revisar,4,2012-09-03,Que prazer!!! Nunca vimos coisa igual,Artigos,765,sjs,que-prazer-nunca-vimos-coisa-igual,1646,https://salvistas.com.br/que-prazer-nunca-vimos-coisa-igual/
revisar,4,2012-09-03,A Lectio divina …,Artigos,597,sjs,a-lectio-divina-2,1617,https://salvistas.com.br/a-lectio-divina-2/
revisar,4,2012-11-29,JMJ Rio2013,Notícias,216,gilberto,jmj-rio2013,1836,https://salvistas.com.br/jmj-rio2013/
revisar,4,2013-02-26,O Conclave,Notícias,593,votos cn,o-conclave,1942,https://salvistas.com.br/o-conclave/
revisar,4,2013-11-02,Conheça o jovem surfista carioca que pode ser beatificado,Salvistas,1094,testemunho,conheca-o-jovem-surfista-carioca-que-pode-ser-beatificado,2117,https://salvistas.com.br/conheca-o-jovem-surfista-carioca-que-pode-ser-beatificado/
revisar,4,2014-05-14,Nossa Identidade na Igreja,Artigos,764,votos profiss[ãa]o,nossa-identidade-na-igreja,2220,https://salvistas.com.br/nossa-identidade-na-igreja/
redirecionar,3,2010-08-23,A vocação e os cristãos leigos,Artigos,793,profiss[ãa]o testemunho,a-vocacao-e-os-cristaos-leigos,368,https://salvistas.com.br/a-vocacao-e-os-cristaos-leigos/
redirecionar,3,2011-08-22,O amor pode terminar?,Artigos,742,douradina|dourados,o-amor-pode-terminar,883,https://salvistas.com.br/o-amor-pode-terminar/
redirecionar,3,2011-09-19,Testemunho,Salvistas,558,testemunho,974,974,https://salvistas.com.br/974/
redirecionar,3,2013-06-13,Jornada terá 273 locais de Catequese,Notícias,493,pentecostes,jornada-tera-273-locais-de-catequese,2052,https://salvistas.com.br/jornada-tera-273-locais-de-catequese/
redirecionar,3,2015-04-02,Catequese na íntrega,Artigos,1057,testemunho,catequese-na-intrega,2528,https://salvistas.com.br/catequese-na-intrega/
redirecionar,3,2016-01-04,Entrou em vigor o Acordo Global entre a Santa Sé e a Palestina,Mundo,699,pentecostes,entrou-em-vigor-o-acordo-global-entre-a-santa-se-e-a-palestina,2611,https://salvistas.com.br/entrou-em-vigor-o-acordo-global-entre-a-santa-se-e-a-palestina/
redirecionar,3,2019-02-06,Você pode ajudar! #sejunte,Informa Salvistas,88,providência santíssima,1-2,2769,https://salvistas.com.br/1-2/
redirecionar,2,2010-12-07,Aborto não é aceito por maioria dos brasileiros,Salvistas,545,,aborto-nao-e-aceito-por-maioria-dos-brasileiros,375,https://salvistas.com.br/aborto-nao-e-aceito-por-maioria-dos-brasileiros/
redirecionar,2,2010-12-15,O Papa Bento XVI fará duas iniciativas concretas,Salvistas,147,,o-papa-bento-xvi-fara-duas-iniciativas-concretas,374,https://salvistas.com.br/o-papa-bento-xvi-fara-duas-iniciativas-concretas/
redirecionar,2,2011-03-01,Pontifício Conselho,Salvistas,298,,pontificio-conselho,370,https://salvistas.com.br/pontificio-conselho/
redirecionar,2,2011-05-27,XLV Dia Mundial das Comunicações Sociais,Notícias,1404,testemunho,xlv-dia-mundial-das-comunicacoes-sociais-2,444,https://salvistas.com.br/xlv-dia-mundial-das-comunicacoes-sociais-2/
redirecionar,2,2011-06-01,Nova diocese no Mato Grosso do Sul,Notícias,266,ordena[çc][ãa]o profiss[ãa]o douradina|dourados cn,nova-diocese-no-mato-grosso-do-sul,439,https://salvistas.com.br/nova-diocese-no-mato-grosso-do-sul/
redirecionar,2,2011-06-14,Violência contra agricultores e camponeses,Notícias,912,acamp cn,violencia-contra-agricultores-e-camponeses,477,https://salvistas.com.br/violencia-contra-agricultores-e-camponeses/
redirecionar,2,2011-07-04,Você vai perder essa???,Salvistas,229,,voce-vai-perder-essa,522,https://salvistas.com.br/voce-vai-perder-essa/
redirecionar,2,2011-07-18,Representante do Vaticano,Salvistas,383,,representante-do-vaticano,665,https://salvistas.com.br/representante-do-vaticano/
redirecionar,2,2011-08-16,Juventude em Madrid.,Salvistas,942,,juventude-em-madrid,874,https://salvistas.com.br/juventude-em-madrid/
redirecionar,2,2011-08-27,1ª paróquia dedicada a João Paulo II,Salvistas,346,,1%c2%aa-paroquia-dedicada-a-joao-paulo-ii-2,893,https://salvistas.com.br/1%c2%aa-paroquia-dedicada-a-joao-paulo-ii-2/
redirecionar,2,2011-09-19,Alcoolismo no Brasil,Salvistas,561,,alcoolismo-no-brasil,989,https://salvistas.com.br/alcoolismo-no-brasil/
redirecionar,2,2011-09-19,"Jovens, acolhamos a visita de Jesus e sua Mãe!",Salvistas,426,,jovens-acolhamos-a-visita-de-jesus-e-sua-mae,959,https://salvistas.com.br/jovens-acolhamos-a-visita-de-jesus-e-sua-mae/
redirecionar,2,2011-10-11,7 anos de adoração,Salvistas,62,,7-anos-de-adoracao,1033,https://salvistas.com.br/7-anos-de-adoracao/
redirecionar,2,2011-10-14,Comissão para a Juventude,Notícias,270,ordena[çc][ãa]o cn,comissao-para-a-juventude,1040,https://salvistas.com.br/comissao-para-a-juventude/
redirecionar,2,2011-11-16,Eleito o novo presidente da Cáritas Brasileira,Notícias,308,votos cn,eleito-o-novo-presidente-da-caritas-brasileira,1086,https://salvistas.com.br/eleito-o-novo-presidente-da-caritas-brasileira/
redirecionar,2,2011-11-28,Prefeito da Congregação para o Clero,Artigos,344,ordena[çc][ãa]o,prefeito-da-congregacao-para-o-clero,1138,https://salvistas.com.br/prefeito-da-congregacao-para-o-clero/
redirecionar,2,2012-12-06,Livro de Papa Bento XVI,Salvistas,590,,livro-de-papa-bento-xvi,1845,https://salvistas.com.br/livro-de-papa-bento-xvi/
redirecionar,2,2012-12-18,Direitos humanos,Notícias,478,gilberto cn,direitos-humanos,1851,https://salvistas.com.br/direitos-humanos/
redirecionar,2,2012-12-29,"“As vocações, sinal da esperança fundada na fé”",Notícias,1740,profiss[ãa]o testemunho cn,as-vocacoes-sinal-da-esperanca-fundada-na-fe,1858,https://salvistas.com.br/as-vocacoes-sinal-da-esperanca-fundada-na-fe/
redirecionar,2,2013-03-27,Semana de Formação,Notícias,315,ordena[çc][ãa]o cn,semana-de-formacao,1970,https://salvistas.com.br/semana-de-formacao/
redirecionar,2,2013-04-28,Crismandos e crismados,Notícias,876,testemunho,crismandos-e-crismados,2024,https://salvistas.com.br/crismandos-e-crismados/
redirecionar,2,2013-07-19,Notícias JMJ 2013,Salvistas,1003,,noticias-jmj-2013,2068,https://salvistas.com.br/noticias-jmj-2013/
redirecionar,2,2013-10-08,Encontro Nacional,Salvistas,525,ordena[çc][ãa]o cn,encontro-nacional,2102,https://salvistas.com.br/encontro-nacional/
redirecionar,2,2013-10-23,Peregrinação Internacional,Mundo,638,profiss[ãa]o,peregrinacao-internacional,2111,https://salvistas.com.br/peregrinacao-internacional/
redirecionar,2,2013-11-06,Sínodo da família,Salvistas,766,testemunho cn,sinodo-da-familia,2118,https://salvistas.com.br/sinodo-da-familia/
redirecionar,2,2013-11-18,O filme “Blood Money – Aborto Legalizado”,Salvistas,941,,o-filme-blood-money-aborto-legalizado,2127,https://salvistas.com.br/o-filme-blood-money-aborto-legalizado/
redirecionar,2,2014-01-31,Dia mundial de oração por Bento XVI,Salvistas,645,,dia-mundial-de-oracao-por-bento-xvi,2167,https://salvistas.com.br/dia-mundial-de-oracao-por-bento-xvi/
redirecionar,2,2014-04-11,Inicia diálogo na Venezuela.,Salvistas,988,,inicia-dialogo-na-venezuela,2198,https://salvistas.com.br/inicia-dialogo-na-venezuela/
redirecionar,2,2014-12-18,O sentido dos presentes do Natal,Artigos,771,votos cn,o-sentido-dos-presentes-do-natal,2422,https://salvistas.com.br/o-sentido-dos-presentes-do-natal/
redirecionar,2,2015-08-16,Dia Mundial de Oração pelo Cuidado da Criação,Notícias,1127,ordena[çc][ãa]o votos testemunho fonte cn,dia-mundial-de-oracao-pelo-cuidado-da-criacao,2569,https://salvistas.com.br/dia-mundial-de-oracao-pelo-cuidado-da-criacao/
redirecionar,1,2010-11-26,Dia Nacional de Ação de Graças,Artigos,989,testemunho,dia-nacional-de-acao-de-gracas,365,https://salvistas.com.br/dia-nacional-de-acao-de-gracas/
redirecionar,1,2010-12-14,A festa está preparada. E o festejado?,Artigos,894,profiss[ãa]o,a-festa-esta-preparada-e-o-festejado,364,https://salvistas.com.br/a-festa-esta-preparada-e-o-festejado/
redirecionar,1,2011-04-27,Missão da vida cristã,Artigos,745,votos testemunho audiência,missao-da-vida-crista,413,https://salvistas.com.br/missao-da-vida-crista/
redirecionar,1,2011-05-04,Dia das Mães,Artigos,1249,profiss[ãa]o,dia-das-maes,421,https://salvistas.com.br/dia-das-maes/
redirecionar,1,2011-05-17,"Família, lugar da realização do homem",Mundo,478,testemunho,familia-lugar-da-realizacao-do-homem-2,428,https://salvistas.com.br/familia-lugar-da-realizacao-do-homem-2/
redirecionar,1,2011-06-02,Ascensão do Senhor,Artigos,356,testemunho,ascensao-do-senhor,431,https://salvistas.com.br/ascensao-do-senhor/
redirecionar,1,2011-06-03,É preciso testemunhar Cristo,Notícias,338,testemunho,e-preciso-testemunhar-cristo,456,https://salvistas.com.br/e-preciso-testemunhar-cristo/
redirecionar,1,2011-06-07,Semana de Oração pela Unidade dos Cristãos 2011,Notícias,549,pentecostes cn,semana-de-oracao-pela-unidade-dos-cristaos-2011-2,464,https://salvistas.com.br/semana-de-oracao-pela-unidade-dos-cristaos-2011-2/
redirecionar,1,2011-06-27,Eucaristia é antídoto para individualismo,Mundo,553,testemunho,eucaristia-e-antidoto-para-individualismo,494,https://salvistas.com.br/eucaristia-e-antidoto-para-individualismo/
redirecionar,1,2011-07-03,Parada Gay: respeitar e ser respeitado,Artigos,832,testemunho,parada-gay-respeitar-e-ser-respeitado,517,https://salvistas.com.br/parada-gay-respeitar-e-ser-respeitado/
redirecionar,1,2011-07-09,"Casamento religioso, um direito de quem?",Artigos,667,douradina|dourados audiência,casamento-religioso-um-direito-de-quem,655,https://salvistas.com.br/casamento-religioso-um-direito-de-quem/
redirecionar,1,2011-07-28,Jovens enraizados em Cristo,Notícias,634,testemunho,jovens-enraizados-em-cristo,715,https://salvistas.com.br/jovens-enraizados-em-cristo/
redirecionar,1,2011-07-31,Angelus,Notícias,385,testemunho,angelus,711,https://salvistas.com.br/angelus/
redirecionar,1,2011-09-30,Jornada Mundial das Comunicações,Notícias,185,pentecostes cn,jornada-mundial-das-comunicacoes,1010,https://salvistas.com.br/jornada-mundial-das-comunicacoes/
redirecionar,1,2011-10-21,Santa Sé emite nota oficial,Mundo,361,testemunho,santa-se-emite-nota-oficial,1048,https://salvistas.com.br/santa-se-emite-nota-oficial/
redirecionar,1,2011-12-14,O Menino Jesus e o Papai Noel,Artigos,851,testemunho,o-menino-jesus-e-o-papai-noel,1136,https://salvistas.com.br/o-menino-jesus-e-o-papai-noel/
redirecionar,1,2012-10-16,Protagonistas da Nova Evangelização,Notícias,764,testemunho,protagonistas-da-nova-evangelizacao,1741,https://salvistas.com.br/protagonistas-da-nova-evangelizacao/
redirecionar,1,2012-11-26,II Encontro Internacional,Notícias,690,testemunho,ii-encontro-internacional,1833,https://salvistas.com.br/ii-encontro-internacional/
redirecionar,1,2012-11-28,Papa aos novos cardeais,Notícias,528,pentecostes testemunho cn (papa|bento xvi|card|dom |cnbb|bispo),papa-aos-novos-cardeais,1835,https://salvistas.com.br/papa-aos-novos-cardeais/
redirecionar,1,2012-12-27,Testemunhas convictas e corajosas,Notícias,433,testemunho cn,testemunhas-convictas-e-corajosas,1857,https://salvistas.com.br/testemunhas-convictas-e-corajosas/
redirecionar,1,2013-01-14,Litúrgica do Batismo do Senhor,Notícias,585,votos padrinho|madrinha fonte cn,liturgica-do-batismo-do-senhor,1878,https://salvistas.com.br/liturgica-do-batismo-do-senhor/
redirecionar,0,2010-12-07,Corrida contra a Corrupção,Salvistas,518,cn,corrida-contra-a-corrupcao,376,https://salvistas.com.br/corrida-contra-a-corrupcao/
redirecionar,0,2011-02-17,Acabou a devoção ao coração de Jesus?,Artigos,363,,acabou-a-devocao-ao-coracao-de-jesus,361,https://salvistas.com.br/acabou-a-devocao-ao-coracao-de-jesus/
redirecionar,0,2011-03-08,Mensagem para a Quaresma,Mundo,315,,mensagem-para-a-quaresma,359,https://salvistas.com.br/mensagem-para-a-quaresma/
redirecionar,0,2011-03-24,Lei Ficha Limpa,Notícias,428,ordena[çc][ãa]o votos cn,lei-ficha-limpa,386,https://salvistas.com.br/lei-ficha-limpa/
redirecionar,0,2011-03-25,Campanha nacional,Notícias,294,,campanha-nacional,385,https://salvistas.com.br/campanha-nacional/
redirecionar,0,2011-04-14,novas Províncias Eclesiásticas,Notícias,149,,novas-provincias-eclesiasticas,389,https://salvistas.com.br/novas-provincias-eclesiasticas/
redirecionar,0,2011-04-18,Revista especial para a beatificação de João Paulo II,Mundo,124,,revista-especial-para-a-beatificacao-de-joao-paulo-ii,394,https://salvistas.com.br/revista-especial-para-a-beatificacao-de-joao-paulo-ii/
redirecionar,0,2011-04-25,Cristo ressuscitou!,Notícias,405,,cristo-ressuscitou-2,410,https://salvistas.com.br/cristo-ressuscitou-2/
redirecionar,0,2011-04-29,Um gigante de Deus,Artigos,899,,um-gigante-de-deus,415,https://salvistas.com.br/um-gigante-de-deus/
redirecionar,0,2011-05-20,Uma Santa Nordestina,Artigos,435,,uma-santa-nordestina,435,https://salvistas.com.br/uma-santa-nordestina/
redirecionar,0,2011-05-23,Irmã Dulce é beatificada em Salvador,Notícias,830,,irma-dulce-e-beatificada-em-salvador,447,https://salvistas.com.br/irma-dulce-e-beatificada-em-salvador/
redirecionar,0,2011-06-05,Defendei a família e mostrai a beleza do amor conjugal,Notícias,671,testemunho news\.va|rádio vaticano|radio vaticano,defendei-a-familia-e-mostrai-a-beleza-do-amor-conjugal,457,https://salvistas.com.br/defendei-a-familia-e-mostrai-a-beleza-do-amor-conjugal/
redirecionar,0,2011-06-17,Vaticano vai debater uso de células-tronco,Mundo,671,,vaticano-vai-debater-uso-de-celulas-tronco,481,https://salvistas.com.br/vaticano-vai-debater-uso-de-celulas-tronco/
redirecionar,0,2011-06-22,A política num mundo em crise,Artigos,687,,a-politica-num-mundo-em-crise,486,https://salvistas.com.br/a-politica-num-mundo-em-crise/
redirecionar,0,2011-06-24,Santa Missa de Corpus Christi,Notícias,694,,santa-missa-de-corpus-christi,490,https://salvistas.com.br/santa-missa-de-corpus-christi/
redirecionar,0,2011-06-26,É sempre tempo de missão,Artigos,994,,e-sempre-tempo-de-missao,492,https://salvistas.com.br/e-sempre-tempo-de-missao/
redirecionar,0,2011-07-01,Pedro e Paulo: colunas da Igreja,Artigos,1126,pentecostes testemunho fonte,pedro-e-paulo-colunas-da-igreja,513,https://salvistas.com.br/pedro-e-paulo-colunas-da-igreja/
redirecionar,0,2011-07-01,Juventude católica,Notícias,297,ordena[çc][ãa]o cn,juventude-catolica,514,https://salvistas.com.br/juventude-catolica/
redirecionar,0,2011-07-06,Documentos secretos do Vaticano,Mundo,401,,documentos-secretos-do-vaticano,527,https://salvistas.com.br/documentos-secretos-do-vaticano/
redirecionar,0,2011-07-07,Pastoral do Turismo,Notícias,755,,pastoral-do-turismo,590,https://salvistas.com.br/pastoral-do-turismo/
redirecionar,0,2011-07-11,Oração do Angelus,Notícias,418,,oracao-do-angelus,661,https://salvistas.com.br/oracao-do-angelus/
redirecionar,0,2011-07-15,Rede informática da Igreja,Notícias,330,,rede-informatica-da-igreja,664,https://salvistas.com.br/rede-informatica-da-igreja/
redirecionar,0,2011-07-25,“coração dócil”,Notícias,730,,coracao-docil,698,https://salvistas.com.br/coracao-docil/
redirecionar,0,2011-08-01,Intenções de Oração do Papa,Notícias,117,,intencoes-de-oracao-do-papa,709,https://salvistas.com.br/intencoes-de-oracao-do-papa/
redirecionar,0,2011-08-02,10 conselhos de Bento XVI aos jovens,Mundo,946,testemunho fonte,10-conselhos-de-bento-xvi-aos-jovens,707,https://salvistas.com.br/10-conselhos-de-bento-xvi-aos-jovens/
redirecionar,0,2011-08-17,Esta é a geração Bento XVI,Mundo,370,,esta-e-a-geracao-bento-xvi,876,https://salvistas.com.br/esta-e-a-geracao-bento-xvi/
redirecionar,0,2011-08-27,Jovens e a Igreja Católica,Artigos,758,,jovens-e-a-igreja-catolica,891,https://salvistas.com.br/jovens-e-a-igreja-catolica/
redirecionar,0,2011-09-07,Ter fé é bom para a Pátria,Artigos,634,,ter-fe-e-bom-para-a-patria,938,https://salvistas.com.br/ter-fe-e-bom-para-a-patria/
redirecionar,0,2011-09-13,Mês da Bíblia,Salvistas,403,cn,mes-da-biblia,952,https://salvistas.com.br/mes-da-biblia/
redirecionar,0,2011-09-14,Ministério de Música e Artes,Notícias,298,,ministerio-de-musica-e-artes,954,https://salvistas.com.br/ministerio-de-musica-e-artes/
redirecionar,0,2011-09-16,JMJ no Brasil,Mundo,255,,jmj-no-brasil,958,https://salvistas.com.br/jmj-no-brasil/
redirecionar,0,2011-09-19,O servo,Artigos,297,,o-servo,969,https://salvistas.com.br/o-servo/
redirecionar,0,2011-09-19,O mistério Eucarístico,Artigos,726,,o-misterio-eucaristico,966,https://salvistas.com.br/o-misterio-eucaristico/
redirecionar,0,2011-09-19,O cálice da Benção,Artigos,482,,o-calice-da-bencao,961,https://salvistas.com.br/o-calice-da-bencao/
redirecionar,0,2011-09-20,Entrevista com Irmã Inez,Artigos,497,,995,995,https://salvistas.com.br/995/
redirecionar,0,2011-09-21,Visita do Papa à Alemanha,Mundo,465,,visita-do-papa-a-alemanha,1000,https://salvistas.com.br/visita-do-papa-a-alemanha/
redirecionar,0,2011-10-06,Evangelizados para evangelizar,Salvistas,665,cn,evangelizados-para-evangelizar,1017,https://salvistas.com.br/evangelizados-para-evangelizar/
redirecionar,0,2011-10-17,Vaticano divulga Carta Apostólica de Bento XVI,Mundo,253,,vaticano-divulga-carta-apostolica-de-bento-xvi,1045,https://salvistas.com.br/vaticano-divulga-carta-apostolica-de-bento-xvi/
redirecionar,0,2011-10-17,Ano da fé,Mundo,460,,ano-da-fe,1044,https://salvistas.com.br/ano-da-fe/
redirecionar,0,2011-10-21,Santa Catarina de Sena,Notícias,509,,santa-catarina-de-sena,1050,https://salvistas.com.br/santa-catarina-de-sena/
redirecionar,0,2011-10-24,2º Congresso Nacional de Planejamento Familiar,Notícias,384,,2%c2%ba-congresso-nacional-de-planejamento-familiar,1052,https://salvistas.com.br/2%c2%ba-congresso-nacional-de-planejamento-familiar/
redirecionar,0,2011-10-24,Canonização,Mundo,573,,canonizacao,1051,https://salvistas.com.br/canonizacao/
redirecionar,0,2011-11-02,Mensagem do Papa para o dia de Finados,Mundo,323,votos cn,mensagem-do-papa-para-o-dia-de-finados,1073,https://salvistas.com.br/mensagem-do-papa-para-o-dia-de-finados/
redirecionar,0,2011-11-03,Por quem os sinos dobram?,Artigos,702,,por-quem-os-sinos-dobram,1074,https://salvistas.com.br/por-quem-os-sinos-dobram/
redirecionar,0,2011-11-05,Ideologia de gênero,Notícias,585,,ideologia-de-genero,1076,https://salvistas.com.br/ideologia-de-genero/
redirecionar,0,2011-11-07,Crer em Deus é ter “esperança invencível”,Mundo,853,,crer-em-deus-e-ter-esperanca-invencivel,1077,https://salvistas.com.br/crer-em-deus-e-ter-esperanca-invencivel/
redirecionar,0,2011-11-21,Santo Padre na África,Notícias,657,,santo-padre-na-africa,1090,https://salvistas.com.br/santo-padre-na-africa/
redirecionar,0,2011-12-03,Frei Raniero Cantalamessa,Artigos,410,,frei-raniero-cantalamessa,1137,https://salvistas.com.br/frei-raniero-cantalamessa/
redirecionar,0,2012-01-02,Ano Novo com a Mãe,Artigos,719,,ano-novo-com-a-mae,1134,https://salvistas.com.br/ano-novo-com-a-mae/
redirecionar,0,2012-02-13,Angelus do Papa Bento XVI,Mundo,378,,angelus-do-papa-bento-xvi,1128,https://salvistas.com.br/angelus-do-papa-bento-xvi/
redirecionar,0,2012-02-15,Papa nomeia bispos,Mundo,249,ordena[çc][ãa]o cn (papa|bento xvi|card|dom |cnbb|bispo),papa-nomeia-bispos,1126,https://salvistas.com.br/papa-nomeia-bispos/
redirecionar,0,2012-03-07,Coro anglicano de Westminster cantará para o Papa em junho,Mundo,229,,coro-anglicano-de-westminster-cantara-para-o-papa-em-junho,1123,https://salvistas.com.br/coro-anglicano-de-westminster-cantara-para-o-papa-em-junho/
redirecionar,0,2012-03-12,Angelus com o santo padre o Papa Bento XVI,Mundo,300,,angelus-com-o-santo-padre-o-papa-bento-xvi,1122,https://salvistas.com.br/angelus-com-o-santo-padre-o-papa-bento-xvi/
redirecionar,0,2012-05-09,Amor de mãe,Artigos,342,,amor-de-mae,1132,https://salvistas.com.br/amor-de-mae/
redirecionar,0,2012-07-05,Programa oficial da viagem do Papa ao Líbano,Notícias,290,,programa-oficial-da-viagem-do-papa-ao-libano,1153,https://salvistas.com.br/programa-oficial-da-viagem-do-papa-ao-libano/
redirecionar,0,2012-07-10,Morre Cardeal Eugênio Sales,Notícias,473,ordena[çc][ãa]o cn,morre-cardeal-eugenio-sales,1151,https://salvistas.com.br/morre-cardeal-eugenio-sales/
redirecionar,0,2012-07-16,"Família, Projeto de Deus",Artigos,652,,familia-projeto-de-deus,1131,https://salvistas.com.br/familia-projeto-de-deus/
redirecionar,0,2012-07-30,Eucaristia é encontro do homem com Deus,Notícias,314,,eucaristia-e-encontro-do-homem-com-deus,1321,https://salvistas.com.br/eucaristia-e-encontro-do-homem-com-deus/
redirecionar,0,2012-08-21,As duas regras de fé,Artigos,380,,as-duas-regras-de-fe,1479,https://salvistas.com.br/as-duas-regras-de-fe/
redirecionar,0,2012-09-10,20 anos do Catecismo no Brasil e o Ano da Fé,Notícias,846,testemunho cn,20-anos-do-catecismo-no-brasil-e-o-ano-da-fe,1654,https://salvistas.com.br/20-anos-do-catecismo-no-brasil-e-o-ano-da-fe/
redirecionar,0,2012-10-02,Conselho Nacional da RCC Brasil,Notícias,82,,conselho-nacional-da-rcc-brasil,1716,https://salvistas.com.br/conselho-nacional-da-rcc-brasil/
redirecionar,0,2012-10-09,1º dia do Sínodo,Notícias,624,,1o-dia-do-sinodo,1723,https://salvistas.com.br/1o-dia-do-sinodo/
redirecionar,0,2012-10-11,JMJ Rio2013 lança campanha institucional,Notícias,169,,jmj-rio2013-lanca-campanha-institucional,1725,https://salvistas.com.br/jmj-rio2013-lanca-campanha-institucional/
redirecionar,0,2012-10-17,Reunião debate realidade vocacional no Brasil,Notícias,155,ordena[çc][ãa]o cn,reuniao-debate-realidade-vocacional-no-brasil,1742,https://salvistas.com.br/reuniao-debate-realidade-vocacional-no-brasil/
redirecionar,0,2012-11-05,Setor de Voluntários da JMJ Rio 2013,Notícias,753,,setor-de-voluntarios-da-jmj-rio-2013,1786,https://salvistas.com.br/setor-de-voluntarios-da-jmj-rio-2013/
redirecionar,0,2012-11-12,Encontro de Fé e Política,Notícias,309,testemunho cn,encontro-de-fe-e-politica,1813,https://salvistas.com.br/encontro-de-fe-e-politica/
redirecionar,0,2012-11-13,4ª Romaria Nacional da Juventude,Notícias,341,,4a-romaria-nacional-da-juventude,1827,https://salvistas.com.br/4a-romaria-nacional-da-juventude/
redirecionar,0,2012-12-08,Pastoral da Criança,Notícias,516,votos cn,pastoral-da-crianca,1847,https://salvistas.com.br/pastoral-da-crianca/
redirecionar,0,2012-12-31,Donde vem a paz?,Artigos,566,,donde-vem-a-paz,1859,https://salvistas.com.br/donde-vem-a-paz/
redirecionar,0,2013-01-25,Arquidiocese e a cidade comemoram seu Patrono,Notícias,252,,arquidiocese-e-a-cidade-comemoram-seu-patrono,1898,https://salvistas.com.br/arquidiocese-e-a-cidade-comemoram-seu-patrono/
redirecionar,0,2013-01-30,Juventude: onde andam os jovens?,Notícias,643,,juventude-onde-andam-os-jovens,1925,https://salvistas.com.br/juventude-onde-andam-os-jovens/
redirecionar,0,2013-02-01,"Em fevereiro, Papa pede oração pelos agentes da paz",Notícias,108,,em-fevereiro-papa-pede-oracao-pelos-agentes-da-paz,1927,https://salvistas.com.br/em-fevereiro-papa-pede-oracao-pelos-agentes-da-paz/
redirecionar,0,2013-02-09,"Carnaval, Cinzas e Fraternidade",Artigos,418,,carnaval-cinzas-e-fraternidade,1929,https://salvistas.com.br/carnaval-cinzas-e-fraternidade/
redirecionar,0,2013-02-11,O homem não é o autor da própria vocação,Notícias,437,,o-homem-nao-e-o-autor-da-propria-vocacao,1932,https://salvistas.com.br/o-homem-nao-e-o-autor-da-propria-vocacao/
redirecionar,0,2013-02-28,Processo de beatificação.,Notícias,264,,processo-de-beatificacao,1945,https://salvistas.com.br/processo-de-beatificacao/
redirecionar,0,2013-03-06,"Card. Raymundo: Conclave, verdadeiro Pentecostes",Notícias,282,pentecostes cn (papa|bento xvi|card|dom |cnbb|bispo),card-raymundo-conclave-verdadeiro-pentecostes,1950,https://salvistas.com.br/card-raymundo-conclave-verdadeiro-pentecostes/
redirecionar,0,2013-03-12,O mundo dos santos e dos papas,Artigos,560,,o-mundo-dos-santos-e-dos-papas,1953,https://salvistas.com.br/o-mundo-dos-santos-e-dos-papas/
redirecionar,0,2013-03-13,‘Habemus Papam’,Notícias,162,,habemus-papam,1957,https://salvistas.com.br/habemus-papam/
redirecionar,0,2013-03-13,Fumaça preta,Notícias,315,votos cn,fumaca-preta,1956,https://salvistas.com.br/fumaca-preta/
redirecionar,0,2013-03-23,Domingo de Ramos,Artigos,342,,domingo-de-ramos,1965,https://salvistas.com.br/domingo-de-ramos/
redirecionar,0,2013-03-30,As palavras do Papa na Via Sacra,Notícias,293,testemunho cn,as-palavras-do-papa-na-via-sacra,1972,https://salvistas.com.br/as-palavras-do-papa-na-via-sacra/
redirecionar,0,2013-04-01,Contagem regressiva marca 100 dias para JMJ Rio2013,Notícias,239,,contagem-regressiva-marca-100-dias-para-jmj-rio2013,1975,https://salvistas.com.br/contagem-regressiva-marca-100-dias-para-jmj-rio2013/
redirecionar,0,2013-04-05,Pastoral Afro-Brasileira,Notícias,1548,ordena[çc][ãa]o cn,pastoral-afro-brasileira,1992,https://salvistas.com.br/pastoral-afro-brasileira/
redirecionar,0,2013-06-10,"No Angelus, Papa reflete sobre a misericórdia divina",Notícias,319,,no-angelus-papa-reflete-sobre-a-misericordia-divina,2051,https://salvistas.com.br/no-angelus-papa-reflete-sobre-a-misericordia-divina/
redirecionar,0,2013-07-12,Justiça nega pedido do MPRJ contra a JMJ Rio2013,Salvistas,1303,cn,justica-nega-pedido-do-mprj-contra-a-jmj-rio2013,2066,https://salvistas.com.br/justica-nega-pedido-do-mprj-contra-a-jmj-rio2013/
redirecionar,0,2013-08-09,Papa Francisco aos seminaristas,Mundo,638,noviciado|postulante|aspirante cn (papa|bento xvi|card|dom |cnbb|bispo),papa-francisco-aos-seminaristas,2076,https://salvistas.com.br/papa-francisco-aos-seminaristas/
redirecionar,0,2013-09-16,Evangelização 2013,Salvistas,555,cn,evangelizacao-2013,2089,https://salvistas.com.br/evangelizacao-2013/
redirecionar,0,2013-09-30,JPII e João XXIII serão canonizados em 27 de abril de 2014,Mundo,936,,jpii-e-joao-xxiii-serao-canonizados-em-27-de-abril-de-2014,2098,https://salvistas.com.br/jpii-e-joao-xxiii-serao-canonizados-em-27-de-abril-de-2014/
redirecionar,0,2013-10-28,Encontro da Igreja na Amazônia Legal,Salvistas,482,ordena[çc][ãa]o cn,encontro-da-igreja-na-amazonia-legal,2112,https://salvistas.com.br/encontro-da-igreja-na-amazonia-legal/
redirecionar,0,2013-11-08,Reforma Política no Brasil,Salvistas,1053,ordena[çc][ãa]o cn,reforma-politica-no-brasil,2120,https://salvistas.com.br/reforma-politica-no-brasil/
redirecionar,0,2013-11-18,‘Misericordina’,Mundo,300,,misericordina,2126,https://salvistas.com.br/misericordina/
redirecionar,0,2013-12-16,13º Intereclesial,Notícias,486,testemunho cn,13o-intereclesial,2144,https://salvistas.com.br/13o-intereclesial/
redirecionar,0,2014-01-09,Santuário de Porto Alegre,Salvistas,400,cn,santuario-de-porto-alegre,2155,https://salvistas.com.br/santuario-de-porto-alegre/
redirecionar,0,2014-01-23,Reflexão sobre a paróquia,Salvistas,452,cn,reflexao-sobre-a-paroquia,2162,https://salvistas.com.br/reflexao-sobre-a-paroquia/
redirecionar,0,2014-01-28,Relicário de João Paulo II,Mundo,256,,relicario-de-joao-paulo-ii,2163,https://salvistas.com.br/relicario-de-joao-paulo-ii/
redirecionar,0,2014-02-04,Quaresma 2014,Mundo,3366,votos testemunho zenit|acidigital|gaudium,quaresma-2014,2169,https://salvistas.com.br/quaresma-2014/
redirecionar,0,2014-03-19,Papa nomeia bispo para Palmares (PE),Salvistas,466,ordena[çc][ãa]o cn (papa|bento xvi|card|dom |cnbb|bispo),papa-nomeia-bispo-para-palmares-pe,2184,https://salvistas.com.br/papa-nomeia-bispo-para-palmares-pe/
redirecionar,0,2014-03-24,Centro Cultural Diocesano,Salvistas,494,cn,centro-cultural-diocesano,2182,https://salvistas.com.br/centro-cultural-diocesano/
redirecionar,0,2014-04-04,Madre Maria Teresa de Jesus Eucarístico,Mundo,658,,madre-maria-teresa-de-jesus-eucaristico,2189,https://salvistas.com.br/madre-maria-teresa-de-jesus-eucaristico/
redirecionar,0,2014-04-08,Carlo Acutis,Notícias,1185,,carlo-acutis,2195,https://salvistas.com.br/carlo-acutis/
redirecionar,0,2014-04-17,Is Search Engine Submission Necessary?,Mundo,1946,,is-search-engine-submission-necessary,2334,https://salvistas.com.br/is-search-engine-submission-necessary/
redirecionar,0,2014-04-17,Can Any Inbound Linking Hurt My Ranking?,Mundo,1655,,can-any-inbound-linking-hurt-my-ranking,2335,https://salvistas.com.br/can-any-inbound-linking-hurt-my-ranking/
redirecionar,0,2014-04-17,The Importance of Anchor Text in Back-links,Mundo,172,,the-importance-of-anchor-text-in-back-links,2336,https://salvistas.com.br/the-importance-of-anchor-text-in-back-links/
redirecionar,0,2014-04-17,Absolute Links vs. Relative Links – SEO Value,Mundo,114,,absolute-links-vs-relative-links-seo-value,2337,https://salvistas.com.br/absolute-links-vs-relative-links-seo-value/
redirecionar,0,2014-04-17,Incorporation of Company Branding and SEO,Mundo,270,,incorporation-of-company-branding-and-seo,2338,https://salvistas.com.br/incorporation-of-company-branding-and-seo/
redirecionar,0,2014-04-17,Strategic Use of Images in Search Engine Optimization,Mundo,184,,strategic-use-of-images-in-search-engine-optimization,2339,https://salvistas.com.br/strategic-use-of-images-in-search-engine-optimization/
redirecionar,0,2014-04-17,Google now discounts all reciprocal links,Mundo,189,,google-now-discounts-all-reciprocal-links,2340,https://salvistas.com.br/google-now-discounts-all-reciprocal-links/
redirecionar,0,2014-09-10,Catequese com o Papa Francisco,Mundo,1139,,catequese-com-o-papa-francisco,2328,https://salvistas.com.br/catequese-com-o-papa-francisco/
redirecionar,0,2014-12-27,Mensagem Urbi et Orbi,Mundo,835,,mensagem-urbi-et-orbi,2427,https://salvistas.com.br/mensagem-urbi-et-orbi/
redirecionar,0,2015-01-06,Cracóvia 2016JMJ,Mundo,219,,cracovia-2016jmj,2437,https://salvistas.com.br/cracovia-2016jmj/
redirecionar,0,2015-01-19,DE VOLTA PRA CASA,Mundo,631,testemunho fonte,de-volta-pra-casa,2460,https://salvistas.com.br/de-volta-pra-casa/
redirecionar,0,2015-12-31,TE DEUM,Mundo,344,,te-deum,2604,https://salvistas.com.br/te-deum/
redirecionar,0,2016-02-19,RCC BRASIL realiza simpósio Teológico-Pastoral,Notícias,343,,rcc-brasil-realiza-simposio-teologico-pastoral,2783,https://salvistas.com.br/rcc-brasil-realiza-simposio-teologico-pastoral/
redirecionar,0,2016-05-13,Porta Santa móvel em peregrinação pelas Ilhas Salomão,Notícias,286,,porta-santa-movel-em-peregrinacao-pelas-ilhas-salomao,2851,https://salvistas.com.br/porta-santa-movel-em-peregrinacao-pelas-ilhas-salomao/
redirecionar,0,2016-10-05,Vaticano anuncia conferência internacional para refletir sobre o esporte e a fé.,Mundo,586,,vaticano-anuncia-conferencia-internacional-para-refletir-sobre-o-esporte-e-a-fe,2869,https://salvistas.com.br/vaticano-anuncia-conferencia-internacional-para-refletir-sobre-o-esporte-e-a-fe/
redirecionar,0,2017-07-14,Defender os valores da família,Mundo,478,,defender-os-valores-da-familia,2908,https://salvistas.com.br/defender-os-valores-da-familia/
redirecionar,-1,2010-10-13,Missionários,Artigos,934,testemunho cn,missionarios,366,https://salvistas.com.br/missionarios/
redirecionar,-1,2010-12-18,Cartão de Natal,Salvistas,39,,cartao-de-natal,373,https://salvistas.com.br/cartao-de-natal/
redirecionar,-1,2011-04-06,Beatificação de João Paulo II,Mundo,481,testemunho news\.va|rádio vaticano|radio vaticano,beatificacao-de-joao-paulo-ii,352,https://salvistas.com.br/beatificacao-de-joao-paulo-ii/
redirecionar,-1,2011-04-20,Domingo de Páscoa,Artigos,353,testemunho cn,domingo-de-pascoa-2,405,https://salvistas.com.br/domingo-de-pascoa-2/
redirecionar,-1,2011-05-04,Nomeações,Notícias,952,ordena[çc][ãa]o profiss[ãa]o cn,nomeacoes,422,https://salvistas.com.br/nomeacoes/
redirecionar,-1,2011-06-30,Papa Bento XVI comemora 60 anos de sacerdócio,Notícias,711,ordena[çc][ãa]o testemunho cn (papa|bento xvi|card|dom |cnbb|bispo),papa-bento-xvi-comemora-60-anos-de-sacerdocio,502,https://salvistas.com.br/papa-bento-xvi-comemora-60-anos-de-sacerdocio/
redirecionar,-1,2011-08-03,Comunidade Lança site,Salvistas,59,,comunidade-lanca-site,815,https://salvistas.com.br/comunidade-lanca-site/
redirecionar,-1,2011-08-03,"Mês de agosto, mês vocacional",Notícias,493,testemunho cn,mes-de-agosto-mes-vocacional,814,https://salvistas.com.br/mes-de-agosto-mes-vocacional/
redirecionar,-1,2011-08-16,Jornada Mundial da Juventude,Notícias,226,testemunho cn,jornada-mundial-da-juventude,875,https://salvistas.com.br/jornada-mundial-da-juventude/
redirecionar,-1,2011-10-05,Dia Mundial das Missões,Mundo,532,votos testemunho cn,dia-mundial-das-missoes,1016,https://salvistas.com.br/dia-mundial-das-missoes/
redirecionar,-1,2011-11-14,Viver na expectativa da vinda do Senhor,Mundo,339,votos news\.va|rádio vaticano|radio vaticano,viver-na-expectativa-da-vinda-do-senhor,1083,https://salvistas.com.br/viver-na-expectativa-da-vinda-do-senhor/
redirecionar,-1,2011-11-15,Santo Padre o Papa Bento XVI,Mundo,339,votos news\.va|rádio vaticano|radio vaticano,santo-padre-o-papa-bento-xvi,1084,https://salvistas.com.br/santo-padre-o-papa-bento-xvi/
redirecionar,-1,2011-11-17,Jesus é vencedor na batalha entre o bem e o mal.,Mundo,1077,pentecostes audiência,jesus-e-vencedor-na-batalha-entre-o-bem-e-o-mal,1087,https://salvistas.com.br/jesus-e-vencedor-na-batalha-entre-o-bem-e-o-mal/
redirecionar,-1,2011-11-19,"Dia 20, o Dia do Cristão Leigo",Notícias,587,testemunho cn,dia-20-o-dia-do-cristao-leigo,1089,https://salvistas.com.br/dia-20-o-dia-do-cristao-leigo/
redirecionar,-1,2012-06-13,Dia do Catequista 2012,Salvistas,4,,dia-do-catequista-2012,1147,https://salvistas.com.br/dia-do-catequista-2012/
redirecionar,-1,2012-07-02,Congregação para a Doutrina da Fé,Salvistas,188,news\.va|rádio vaticano|radio vaticano,congregacao-para-a-doutrina-da-fe,1139,https://salvistas.com.br/congregacao-para-a-doutrina-da-fe/
redirecionar,-1,2012-07-28,JMJ Rio 2013,Notícias,423,testemunho padrinho|madrinha cn,jmj-rio-2013,1320,https://salvistas.com.br/jmj-rio-2013/
redirecionar,-1,2012-09-06,Gravação de clipe,Notícias,378,testemunho cn,gravacao-de-clipe,1653,https://salvistas.com.br/gravacao-de-clipe/
redirecionar,-1,2012-10-23,Família é um dos principais sujeitos da nova evangelização,Notícias,662,testemunho cn,familia-e-um-dos-principais-sujeitos-da-nova-evangelizacao,1762,https://salvistas.com.br/familia-e-um-dos-principais-sujeitos-da-nova-evangelizacao/
redirecionar,-1,2012-12-03,Celebraçao com o Papa,Notícias,504,testemunho cn,celebracao-com-o-papa,1844,https://salvistas.com.br/celebracao-com-o-papa/
redirecionar,-1,2012-12-10,Advento,Salvistas,496,fonte,advento,1848,https://salvistas.com.br/advento/
redirecionar,-1,2013-01-18,Comitê Organizador Local da JMJ,Notícias,375,testemunho cn,comite-organizador-local-da-jmj,1889,https://salvistas.com.br/comite-organizador-local-da-jmj/
redirecionar,-1,2013-03-04,Carta aos Párocos,Salvistas,3,,carta-aos-parocos,1948,https://salvistas.com.br/carta-aos-parocos/
redirecionar,-1,2013-03-18,Brasão do Santo Padre,Salvistas,6,,brasao-do-santo-padre,1960,https://salvistas.com.br/brasao-do-santo-padre/
redirecionar,-1,2013-07-24,Missa de abertura da JMJ Rio 2013,Notícias,293,testemunho cn,missa-de-abertura-da-jmj-rio-2013,2070,https://salvistas.com.br/missa-de-abertura-da-jmj-rio-2013/
redirecionar,-1,2013-09-12,Brasileiros em missão na Bolívia realizam encontro,Mundo,204,testemunho cn,brasileiros-em-missao-na-bolivia-realizam-encontro,2087,https://salvistas.com.br/brasileiros-em-missao-na-bolivia-realizam-encontro/
redirecionar,-1,2013-11-09,Bispos debatem convergência de mídias,Salvistas,712,testemunho cn (papa|bento xvi|card|dom |cnbb|bispo),bispos-debatem-convergencia-de-midias,2121,https://salvistas.com.br/bispos-debatem-convergencia-de-midias/
redirecionar,-1,2014-09-13,Em quem votar,Artigos,492,votos zenit|acidigital|gaudium,em-quem-votar,2331,https://salvistas.com.br/em-quem-votar/
redirecionar,-1,2015-01-30,Matriz Basílica de Aparecida,Notícias,512,ordena[çc][ãa]o fonte,matriz-basilica-de-aparecida,2486,https://salvistas.com.br/matriz-basilica-de-aparecida/
redirecionar,-1,2015-03-04,CATEQUESE,Salvistas,424,fonte,catequese,2514,https://salvistas.com.br/catequese/
redirecionar,-1,2015-10-14,AIS denuncia limpeza étnico-religiosa contra cristãos,Mundo,410,testemunho fonte,ais-denuncia-limpeza-etnico-religiosa-contra-cristaos,2582,https://salvistas.com.br/ais-denuncia-limpeza-etnico-religiosa-contra-cristaos/
redirecionar,-1,2016-01-21,COMBATE À INTOLERÂNCIA RELIGIOSA,Mundo,964,testemunho cn,combate-a-intolerancia-religiosa,2628,https://salvistas.com.br/combate-a-intolerancia-religiosa/
redirecionar,-2,2011-03-18,Juventude Missionária Italiana,Mundo,360,cn,juventude-missionaria-italiana,355,https://salvistas.com.br/juventude-missionaria-italiana/
redirecionar,-2,2011-03-29,Santa Sé,Mundo,152,cn,santa-se,354,https://salvistas.com.br/santa-se/
redirecionar,-2,2011-04-01,A morte José Alencar,Notícias,285,cn,a-morte-jose-alencar,383,https://salvistas.com.br/a-morte-jose-alencar/
redirecionar,-2,2011-04-08,Atentado a escola,Notícias,244,cn,atentado-a-escola,378,https://salvistas.com.br/atentado-a-escola/
redirecionar,-2,2011-04-19,Jornada de Espiritualidade,Notícias,311,cn,jornada-de-espiritualidade,400,https://salvistas.com.br/jornada-de-espiritualidade/
redirecionar,-2,2011-05-26,7º Mutirão Brasileiro de Comunicação,Notícias,235,cn,7%c2%ba-mutirao-brasileiro-de-comunicacao,445,https://salvistas.com.br/7%c2%ba-mutirao-brasileiro-de-comunicacao/
redirecionar,-2,2011-06-09,Beato Anchieta,Notícias,173,cn,beato-anchieta,472,https://salvistas.com.br/beato-anchieta/
redirecionar,-2,2011-06-15,2º Congresso Latino-americano,Notícias,927,testemunho fonte cn,2%c2%ba-congresso-latino-americano,478,https://salvistas.com.br/2%c2%ba-congresso-latino-americano/
redirecionar,-2,2011-07-05,Episcopado Venezuelano,Mundo,229,cn,episcopado-venezuelano,526,https://salvistas.com.br/episcopado-venezuelano/
redirecionar,-2,2011-07-09,Presidente do PCCS,Notícias,365,cn,presidente-do-pccs,656,https://salvistas.com.br/presidente-do-pccs/
redirecionar,-2,2011-07-20,Campanha Contra a Violência,Notícias,145,cn,campanha-contra-a-violencia,670,https://salvistas.com.br/campanha-contra-a-violencia/
redirecionar,-2,2011-08-09,Beatificação,Notícias,202,cn,beatificacao,822,https://salvistas.com.br/beatificacao/
redirecionar,-2,2011-08-13,Comissão Nacional dos Diáconos,Notícias,300,cn,comissao-nacional-dos-diaconos,828,https://salvistas.com.br/comissao-nacional-dos-diaconos/
redirecionar,-2,2011-08-15,JMJ: De mochilas nas costas,Mundo,420,cn,jmj-de-mochilas-nas-costas,870,https://salvistas.com.br/jmj-de-mochilas-nas-costas/
redirecionar,-2,2011-08-30,Dia Nacional da Juventude,Notícias,154,cn,dia-nacional-da-juventude,895,https://salvistas.com.br/dia-nacional-da-juventude/
redirecionar,-2,2011-09-01,Nova sede da Cáritas Brasileira,Notícias,355,cn,nova-sede-da-caritas-brasileira,902,https://salvistas.com.br/nova-sede-da-caritas-brasileira/
redirecionar,-2,2011-09-10,Palavra de Deus,Notícias,811,cn,palavra-de-deus,950,https://salvistas.com.br/palavra-de-deus/
redirecionar,-2,2011-09-13,Pastorais Sociais,Notícias,394,cn,pastorais-sociais,953,https://salvistas.com.br/pastorais-sociais/
redirecionar,-2,2011-09-15,Congresso Internacional,Mundo,377,cn,congresso-internacional,957,https://salvistas.com.br/congresso-internacional/
redirecionar,-2,2011-09-20,2º Congresso Teológico Internacional,Notícias,193,cn,2%c2%ba-congresso-teologico-internacional,991,https://salvistas.com.br/2%c2%ba-congresso-teologico-internacional/
redirecionar,-2,2011-09-25,Bento XVI na viagem à Alemanha,Mundo,935,testemunho (papa|bento xvi|card|dom |cnbb|bispo),bento-xvi-na-viagem-a-alemanha,1004,https://salvistas.com.br/bento-xvi-na-viagem-a-alemanha/
redirecionar,-2,2011-09-28,Novo arcebispo para Florianópolis,Notícias,120,cn,novo-arcebispo-para-florianopolis,1008,https://salvistas.com.br/novo-arcebispo-para-florianopolis/
redirecionar,-2,2011-10-02,Intenções do santo Padre,Salvistas,113,intenç[õo]es do (santo padre|papa),intencoes-do-santo-padre,1012,https://salvistas.com.br/intencoes-do-santo-padre/
redirecionar,-2,2011-10-12,Pastoral do Menor,Mundo,665,cn,pastoral-do-menor,1038,https://salvistas.com.br/pastoral-do-menor/
redirecionar,-2,2011-10-21,9ª Reunião Conjunta da Comissão Episcopal,Notícias,274,ordena[çc][ãa]o cn,9%c2%aa-reuniao-conjunta-da-comissao-episcopal,1049,https://salvistas.com.br/9%c2%aa-reuniao-conjunta-da-comissao-episcopal/
redirecionar,-2,2011-10-27,Catequese com Papa Bento XVI,Notícias,1153,audiência,catequese-com-papa-bento-xvi,1067,https://salvistas.com.br/catequese-com-papa-bento-xvi/
redirecionar,-2,2011-11-01,Cardeal Odilo Scherer,Salvistas,460,(papa|bento xvi|card|dom |cnbb|bispo),cardeal-odilo-scherer,1072,https://salvistas.com.br/cardeal-odilo-scherer/
redirecionar,-2,2011-11-01,Seminário de Novas Mídias,Notícias,477,seminário nossa senhora cn,seminario-de-novas-midias,1071,https://salvistas.com.br/seminario-de-novas-midias/
redirecionar,-2,2012-05-23,Igreja lembra um ano de beatificação de Irmã Dulce,Mundo,413,cn,igreja-lembra-um-ano-de-beatificacao-de-irma-dulce,1121,https://salvistas.com.br/igreja-lembra-um-ano-de-beatificacao-de-irma-dulce/
redirecionar,-2,2012-07-04,Papa nomeia novo bispo para a Bahia,Notícias,227,ordena[çc][ãa]o votos cn (papa|bento xvi|card|dom |cnbb|bispo),papa-nomeia-novo-bispo-para-a-bahia,1154,https://salvistas.com.br/papa-nomeia-novo-bispo-para-a-bahia/
redirecionar,-2,2012-07-23,Abertura do Encontro da Pascom,Notícias,657,testemunho cn,abertura-do-encontro-da-pascom,1233,https://salvistas.com.br/abertura-do-encontro-da-pascom/
redirecionar,-2,2012-08-01,Nomeação,Notícias,186,ordena[çc][ãa]o cn,nomeacao,1354,https://salvistas.com.br/nomeacao/
redirecionar,-2,2012-08-08,Mensagem aos Diáconos Permanentes do Brasil,Notícias,889,testemunho cn,mensagem-aos-diaconos-permanentes-do-brasil,1376,https://salvistas.com.br/mensagem-aos-diaconos-permanentes-do-brasil/
redirecionar,-2,2012-08-24,JMJ 2013: Começam as inscrições!,Notícias,408,cn,jmj-2013-comecam-as-inscricoes,1489,https://salvistas.com.br/jmj-2013-comecam-as-inscricoes/
redirecionar,-2,2012-09-13,Vaticano no cambate à lavagem de dinheiro,Notícias,182,cn,vaticano-no-cambate-a-lavagem-de-dinheiro,1662,https://salvistas.com.br/vaticano-no-cambate-a-lavagem-de-dinheiro/
redirecionar,-2,2012-09-19,Transferências de bispos,Notícias,243,cn,transferencias-de-bispos,1667,https://salvistas.com.br/transferencias-de-bispos/
redirecionar,-2,2012-09-21,Núncio Apostólico no Brasil,Notícias,252,cn,nuncio-apostolico-no-brasil,1669,https://salvistas.com.br/nuncio-apostolico-no-brasil/
redirecionar,-2,2012-09-25,Arte sacra do Vaticano,Notícias,503,cn,arte-sacra-do-vaticano,1676,https://salvistas.com.br/arte-sacra-do-vaticano/
redirecionar,-2,2012-10-06,O Brasil no Sínodo dos Bispos,Notícias,299,cn,o-brasil-no-sinodo-dos-bispos,1717,https://salvistas.com.br/o-brasil-no-sinodo-dos-bispos/
redirecionar,-2,2012-10-20,Arquidiocese de Belém recebe símbolos da JMJ,Notícias,452,cn,arquidiocese-de-belem-recebe-simbolos-da-jmj,1753,https://salvistas.com.br/arquidiocese-de-belem-recebe-simbolos-da-jmj/
redirecionar,-2,2012-10-29,Celebração de conclusão do Sínodo,Notícias,671,cn,celebracao-de-conclusao-do-sinodo,1767,https://salvistas.com.br/celebracao-de-conclusao-do-sinodo/
redirecionar,-2,2012-10-31,Reunião do Conselho Permanente,Notícias,314,cn,reuniao-do-conselho-permanente,1776,https://salvistas.com.br/reuniao-do-conselho-permanente/
redirecionar,-2,2012-11-03,Seminário promovido pela CNBB,Notícias,606,gilberto cn,seminario-promovido-pela-cnbb,1784,https://salvistas.com.br/seminario-promovido-pela-cnbb/
redirecionar,-2,2012-11-08,Seminário “Relações Estado e Sociedade”,Notícias,1667,gilberto cn,seminario-relacoes-estado-e-sociedade,1792,https://salvistas.com.br/seminario-relacoes-estado-e-sociedade/
redirecionar,-2,2012-12-22,Virtudes heroicas de Paulo VI,Notícias,393,cn,virtudes-heroicas-de-paulo-vi,1855,https://salvistas.com.br/virtudes-heroicas-de-paulo-vi/
redirecionar,-2,2012-12-31,Festival da Juventude,Notícias,414,cn,festival-da-juventude,1860,https://salvistas.com.br/festival-da-juventude/
redirecionar,-2,2013-01-07,Vítimas das chuvas,Notícias,305,cn,vitimas-das-chuvas,1864,https://salvistas.com.br/vitimas-das-chuvas/
redirecionar,-2,2013-01-09,Mensagem para o Dia Mundial do Enfermo,Notícias,274,cn,mensagem-para-o-dia-mundial-do-enfermo,1870,https://salvistas.com.br/mensagem-para-o-dia-mundial-do-enfermo/
redirecionar,-2,2013-01-15,Curso de fé e política,Notícias,345,cn,curso-de-fe-e-politica,1882,https://salvistas.com.br/curso-de-fe-e-politica/
redirecionar,-2,2013-01-22,Site da JMJ,Notícias,294,cn,site-da-jmj,1896,https://salvistas.com.br/site-da-jmj/
redirecionar,-2,2013-01-31,Celebração inter-religiosa em São Paulo,Notícias,614,cn,celebracao-inter-religiosa-em-sao-paulo,1926,https://salvistas.com.br/celebracao-inter-religiosa-em-sao-paulo/
redirecionar,-2,2013-02-18,Penúltimo “Angelus” de Bento XVI,Notícias,576,cn,penultimo-angelus-de-bento-xvi,1935,https://salvistas.com.br/penultimo-angelus-de-bento-xvi/
redirecionar,-2,2013-02-19,Semana Nacional contra o Alcoolismo 2013,Notícias,191,cn,semana-nacional-contra-o-alcoolismo-2013,1936,https://salvistas.com.br/semana-nacional-contra-o-alcoolismo-2013/
redirecionar,-2,2013-02-20,Deus é caridade,Mundo,401,cn,deus-e-caridade,1937,https://salvistas.com.br/deus-e-caridade/
redirecionar,-2,2013-02-21,Dois novos bispos,Notícias,291,cn,dois-novos-bispos,1938,https://salvistas.com.br/dois-novos-bispos/
redirecionar,-2,2013-03-04,Primeiro domingo sem Angelus.,Notícias,372,cn,primeiro-domingo-sem-angelus,1947,https://salvistas.com.br/primeiro-domingo-sem-angelus/
redirecionar,-2,2013-03-05,Primeira congregação geral,Notícias,434,cn,primeira-congregacao-geral,1949,https://salvistas.com.br/primeira-congregacao-geral/
redirecionar,-2,2013-03-11,Véspera do Conclave,Notícias,201,cn,vespera-do-conclave,1952,https://salvistas.com.br/vespera-do-conclave/
redirecionar,-2,2013-03-18,Primeiro “Angelus” do Papa Francisco,Notícias,601,cn,primeiro-angelus-do-papa-francisco,1959,https://salvistas.com.br/primeiro-angelus-do-papa-francisco/
redirecionar,-2,2013-03-26,Semana Santa,Notícias,635,cn,semana-santa,1968,https://salvistas.com.br/semana-santa/
redirecionar,-2,2013-03-27,Atingidos pelas chuvas em Petrópolis (RJ),Notícias,387,cn,atingidos-pelas-chuvas-em-petropolis-rj,1969,https://salvistas.com.br/atingidos-pelas-chuvas-em-petropolis-rj/
redirecionar,-2,2013-04-08,Posse do Bispo de Roma,Notícias,4033,cn,posse-do-bispo-de-roma,1995,https://salvistas.com.br/posse-do-bispo-de-roma/
redirecionar,-2,2013-04-22,Papa Francisco,Notícias,1373,ordena[çc][ãa]o cn (papa|bento xvi|card|dom |cnbb|bispo),papa-francisco,2019,https://salvistas.com.br/papa-francisco/
redirecionar,-2,2013-04-25,Jornada Mundial da Juventude 2013,Notícias,740,cn,jornada-mundial-da-juventude-2013,2022,https://salvistas.com.br/jornada-mundial-da-juventude-2013/
redirecionar,-2,2013-05-08,Dois novos bispos brasileiros,Notícias,357,cn,dois-novos-bispos-brasileiros,2030,https://salvistas.com.br/dois-novos-bispos-brasileiros/
redirecionar,-2,2013-05-15,Panamá sedia encontro do CELAM,Notícias,340,cn,panama-sedia-encontro-do-celam,2037,https://salvistas.com.br/panama-sedia-encontro-do-celam/
redirecionar,-2,2013-06-03,Adoração Eucarística,Notícias,330,cn,adoracao-eucaristica,2047,https://salvistas.com.br/adoracao-eucaristica/
redirecionar,-2,2013-06-24,Congregação para o Culto Divino,Notícias,718,cn,congregacao-para-o-culto-divino,2059,https://salvistas.com.br/congregacao-para-o-culto-divino/
redirecionar,-2,2013-06-27,Solenidade de São Pedro e São Paulo,Notícias,396,cn,solenidade-de-sao-pedro-e-sao-paulo,2061,https://salvistas.com.br/solenidade-de-sao-pedro-e-sao-paulo/
redirecionar,-2,2013-07-02,Lumen fidei,Notícias,99,cn,lumen-fidei,2064,https://salvistas.com.br/lumen-fidei/
redirecionar,-2,2013-07-17,Campus Fidei,Mundo,524,cn,campus-fidei,2067,https://salvistas.com.br/campus-fidei/
redirecionar,-2,2013-08-01,Dia Mundial da Paz 2014,Mundo,244,cn,dia-mundial-da-paz-2014,2071,https://salvistas.com.br/dia-mundial-da-paz-2014/
redirecionar,-2,2013-08-02,Projeto Saúde + 10,Salvistas,227,ordena[çc][ãa]o cn,projeto-saude-10,2072,https://salvistas.com.br/projeto-saude-10/
redirecionar,-2,2013-11-12,Bispo fala da preparação para eleições 2014,Salvistas,1117,votos cn (papa|bento xvi|card|dom |cnbb|bispo),bispo-fala-da-preparacao-para-eleicoes-2014,2123,https://salvistas.com.br/bispo-fala-da-preparacao-para-eleicoes-2014/
redirecionar,-2,2013-11-21,Nova Evangelização,Salvistas,1102,testemunho cn,nova-evangelizacao,2128,https://salvistas.com.br/nova-evangelizacao/
redirecionar,-2,2013-12-03,Nomeações para o Vaticano,Mundo,286,cn,nomeacoes-para-o-vaticano,2134,https://salvistas.com.br/nomeacoes-para-o-vaticano/
redirecionar,-2,2013-12-05,Conselho de Cardeais,Mundo,362,cn,conselho-de-cardeais,2136,https://salvistas.com.br/conselho-de-cardeais/
redirecionar,-2,2013-12-12,Evangelização da juventude no Brasil,Salvistas,352,ordena[çc][ãa]o cn,evangelizacao-da-juventude-no-brasil,2142,https://salvistas.com.br/evangelizacao-da-juventude-no-brasil/
redirecionar,-2,2013-12-31,Na oração do Angelus,Mundo,890,cn,na-oracao-do-angelus,2151,https://salvistas.com.br/na-oracao-do-angelus/
redirecionar,-2,2014-01-03,Papa visita basílica de Santa Maria Maior,Mundo,746,votos cn (papa|bento xvi|card|dom |cnbb|bispo),papa-visita-basilica-de-santa-maria-maior,2153,https://salvistas.com.br/papa-visita-basilica-de-santa-maria-maior/
redirecionar,-2,2014-01-14,Primeiro consistório de Francisco,Mundo,1191,cn,primeiro-consistorio-de-francisco,2159,https://salvistas.com.br/primeiro-consistorio-de-francisco/
redirecionar,-2,2014-01-21,Maria Assunta Caterina Marchetti,Notícias,987,cn,maria-assunta-caterina-marchetti,2161,https://salvistas.com.br/maria-assunta-caterina-marchetti/
redirecionar,-2,2014-01-28,Irma Serafina,Salvistas,868,audiência,irma-serafina,2164,https://salvistas.com.br/irma-serafina/
redirecionar,-2,2014-01-29,Papa nomeia dom Ilson,Mundo,342,ordena[çc][ãa]o cn (papa|bento xvi|card|dom |cnbb|bispo),papa-nomeia-dom-ilson,2165,https://salvistas.com.br/papa-nomeia-dom-ilson/
redirecionar,-2,2014-03-05,Mensagem do papa Francisco,Mundo,3605,votos testemunho cn zenit|acidigital|gaudium,mensagem-do-papa-francisco,2173,https://salvistas.com.br/mensagem-do-papa-francisco/
redirecionar,-2,2014-03-07,Quaresma e confissão,Artigos,1493,cn,quaresma-e-confissao,2179,https://salvistas.com.br/quaresma-e-confissao/
redirecionar,-2,2014-03-31,Canonização do beato Anchieta,Notícias,610,coimbra|tentúgal|tentugal|arazede|meãs cn,canonizacao-do-beato-anchieta,2186,https://salvistas.com.br/canonizacao-do-beato-anchieta/
redirecionar,-2,2014-04-02,Vaticano apresenta o programa,Mundo,829,testemunho zenit|acidigital|gaudium,vaticano-apresenta-o-programa,2187,https://salvistas.com.br/vaticano-apresenta-o-programa/
redirecionar,-2,2014-04-04,Rainha Elizabeth II no Vaticano.,Salvistas,307,audiência,rainha-elizabeth-ii-no-vaticano,2190,https://salvistas.com.br/rainha-elizabeth-ii-no-vaticano/
redirecionar,-2,2014-04-07,Papa presenteia fiéis,Salvistas,400,(papa|bento xvi|card|dom |cnbb|bispo),papa-presenteia-fieis,2192,https://salvistas.com.br/papa-presenteia-fieis/
redirecionar,-2,2014-11-12,Beatificação de seminarista surfista,Notícias,230,testemunho fonte,beatificacao-de-seminarista-surfista,2385,https://salvistas.com.br/beatificacao-de-seminarista-surfista/
redirecionar,-2,2015-02-24,Beatificação de Padre Aloísio Boeing,Notícias,284,testemunho fonte,beatificacao-de-padre-aloisio-boeing,2502,https://salvistas.com.br/beatificacao-de-padre-aloisio-boeing/
redirecionar,-2,2015-07-20,10º Mutirão de Comunicação em 2017,Notícias,177,cn,10o-mutirao-de-comunicacao-em-2017,2557,https://salvistas.com.br/10o-mutirao-de-comunicacao-em-2017/
redirecionar,-2,2015-09-06,Francisco pede que casas religiosas acolham refugiados,Mundo,274,testemunho news\.va|rádio vaticano|radio vaticano,francisco-pede-que-casas-religiosas-acolham-refugiados,2573,https://salvistas.com.br/francisco-pede-que-casas-religiosas-acolham-refugiados/
redirecionar,-2,2015-10-05,Papa Francisco,Salvistas,492,(papa|bento xvi|card|dom |cnbb|bispo),papa-francisco-2,2577,https://salvistas.com.br/papa-francisco-2/
redirecionar,-2,2016-03-12,"Terceira pregação da Quaresma: “Anunciar a Palavra. O Espírito Santo, principal agente de evangelização”",Notícias,3517,pentecostes testemunho fonte zenit|acidigital|gaudium,terceira-pregacao-da-quaresma-anunciar-a-palavra-o-espirito-santo-principal-agente-de-evangelizacao,2815,https://salvistas.com.br/terceira-pregacao-da-quaresma-anunciar-a-palavra-o-espirito-santo-principal-agente-de-evangelizacao/
redirecionar,-3,2010-09-03,Mês da Bília,Artigos,794,testemunho cn,mes-da-bilia,367,https://salvistas.com.br/mes-da-bilia/
redirecionar,-3,2011-03-14,Por que a Quaresma? Por que a Cruz?,Mundo,382,news\.va|rádio vaticano|radio vaticano,por-que-a-quaresma-por-que-a-cruz,356,https://salvistas.com.br/por-que-a-quaresma-por-que-a-cruz/
redirecionar,-3,2011-04-07,POM e  Setor Juventude,Notícias,503,noviciado|postulante|aspirante cn,pom-e-setor-juventude,379,https://salvistas.com.br/pom-e-setor-juventude/
redirecionar,-3,2011-04-11,Santo Padre,Notícias,633,news\.va|rádio vaticano|radio vaticano,santo-padre,377,https://salvistas.com.br/santo-padre/
redirecionar,-3,2011-04-20,Acolher vontade de Deus,Mundo,948,fonte,acolher-vontade-de-deus,402,https://salvistas.com.br/acolher-vontade-de-deus/
redirecionar,-3,2011-04-25,Reevangelização de afastados,Mundo,757,news\.va|rádio vaticano|radio vaticano,reevangelizacao-de-afastados,408,https://salvistas.com.br/reevangelizacao-de-afastados/
redirecionar,-3,2011-05-07,Entrevista sobre a Beatificação de JP II,Artigos,873,homilia do papa,entrevista-sobre-a-beatificacao-de-jp-ii,438,https://salvistas.com.br/entrevista-sobre-a-beatificacao-de-jp-ii/
redirecionar,-3,2011-05-30,Santos e não os poderosos que levam esperança,"Mundo, Notícias",373,news\.va|rádio vaticano|radio vaticano,santos-e-nao-os-poderosos-que-levam-esperanca-2,424,https://salvistas.com.br/santos-e-nao-os-poderosos-que-levam-esperanca-2/
redirecionar,-3,2011-06-17,12º Festival de Dança Sacra,Notícias,50,,12%c2%ba-festival-de-danca-sacra,483,https://salvistas.com.br/12%c2%ba-festival-de-danca-sacra/
redirecionar,-3,2011-08-09,JMJ Madri 2011,Mundo,384,zenit|acidigital|gaudium,jmj-madri-2011,823,https://salvistas.com.br/jmj-madri-2011/
redirecionar,-3,2011-08-15,Assunção de Maria,Notícias,791,homilia do papa,assuncao-de-maria,873,https://salvistas.com.br/assuncao-de-maria/
redirecionar,-3,2011-10-05,Olhar Humano,Notícias,989,news\.va|rádio vaticano|radio vaticano,olhar-humano,1015,https://salvistas.com.br/olhar-humano/
redirecionar,-3,2011-10-28,Tecnologia e Sabedoria,Artigos,834,news\.va|rádio vaticano|radio vaticano,tecnologia-e-sabedoria,1069,https://salvistas.com.br/tecnologia-e-sabedoria/
redirecionar,-3,2012-02-20,Redescobrir a oração,Artigos,618,fonte,redescobrir-a-oracao,1133,https://salvistas.com.br/redescobrir-a-oracao/
redirecionar,-3,2012-06-28,"Evangelho Mateus 7,21-29",Salvistas,709,testemunho evangelho ,evangelho-mateus-721-29,1140,https://salvistas.com.br/evangelho-mateus-721-29/
redirecionar,-3,2012-07-02,Devemos pedir a Deus o dom da fé,Notícias,428,news\.va|rádio vaticano|radio vaticano,devemos-pedir-a-deus-o-dom-da-fe,1156,https://salvistas.com.br/devemos-pedir-a-deus-o-dom-da-fe/
redirecionar,-3,2012-08-10,Conselho de Comunicação Social,Notícias,718,profiss[ãa]o cn,conselho-de-comunicacao-social,1471,https://salvistas.com.br/conselho-de-comunicacao-social/
redirecionar,-3,2012-10-08,Sínodo e novos Doutores da Igreja,Notícias,1090,fonte,sinodo-e-novos-doutores-da-igreja,1721,https://salvistas.com.br/sinodo-e-novos-doutores-da-igreja/
redirecionar,-3,2012-10-15,Dia Nacional de Valorização da Família,Artigos,57,,dia-nacional-de-valorizacao-da-familia,1739,https://salvistas.com.br/dia-nacional-de-valorizacao-da-familia/
redirecionar,-3,2012-11-01,Intenção de Oração do Papa,Notícias,125,testemunho intenç[õo]es do (santo padre|papa),intencao-de-oracao-do-papa,1777,https://salvistas.com.br/intencao-de-oracao-do-papa/
redirecionar,-3,2012-11-13,Hino do Ano da Fé,Notícias,881,pentecostes cn,hino-do-ano-da-fe,1826,https://salvistas.com.br/hino-do-ano-da-fe/
redirecionar,-3,2012-11-30,Escritos de Bento XVI,Mundo,364,news\.va|rádio vaticano|radio vaticano,escritos-de-bento-xvi,1837,https://salvistas.com.br/escritos-de-bento-xvi/
redirecionar,-3,2012-12-24,Natal é tempo de gratidão a Deus,Notícias,356,votos fonte cn,natal-e-tempo-de-gratidao-a-deus,1856,https://salvistas.com.br/natal-e-tempo-de-gratidao-a-deus/
redirecionar,-3,2013-01-03,Encarnação de Jesus,Notícias,409,profiss[ãa]o cn audiência,encarnacao-de-jesus,1863,https://salvistas.com.br/encarnacao-de-jesus/
redirecionar,-3,2013-02-13,Bento XVI envia mensagem,Notícias,577,votos testemunho cn (papa|bento xvi|card|dom |cnbb|bispo),bento-xvi-envia-mensagem,1934,https://salvistas.com.br/bento-xvi-envia-mensagem/
redirecionar,-3,2013-03-12,Missa de abertura do Conclave,Notícias,764,votos cn news\.va|rádio vaticano|radio vaticano,missa-de-abertura-do-conclave,1955,https://salvistas.com.br/missa-de-abertura-do-conclave/
redirecionar,-3,2013-03-19,Primeira missa do Papa Francisco,Notícias,697,news\.va|rádio vaticano|radio vaticano,primeira-missa-do-papa-francisco,1962,https://salvistas.com.br/primeira-missa-do-papa-francisco/
redirecionar,-3,2013-04-06,Misericórdia,Artigos,523,fonte,misericordia,1993,https://salvistas.com.br/misericordia/
redirecionar,-3,2013-04-14,Imagem de João Paulo II,Notícias,619,news\.va|rádio vaticano|radio vaticano,imagem-de-joao-paulo-ii,2001,https://salvistas.com.br/imagem-de-joao-paulo-ii/
redirecionar,-3,2013-04-15,Retiro dos bispos,Notícias,410,testemunho cn,retiro-dos-bispos,2003,https://salvistas.com.br/retiro-dos-bispos/
redirecionar,-3,2013-04-16,51ª Conf. dos Bispos do Brasil,Notícias,15,,51a-conf-dos-bispos-do-brasil,2004,https://salvistas.com.br/51a-conf-dos-bispos-do-brasil/
redirecionar,-3,2013-05-24,Comunidades de comunidades,Artigos,23,,comunidades-de-comunidades,2042,https://salvistas.com.br/comunidades-de-comunidades/
redirecionar,-3,2013-09-02,Dia de Oração e jejum – Papa Francisco,Mundo,0,,dia-de-oracao-e-jejum-papa-francisco,2082,https://salvistas.com.br/dia-de-oracao-e-jejum-papa-francisco/
redirecionar,-3,2013-11-12,Filipinas,Mundo,306,news\.va|rádio vaticano|radio vaticano,filipinas,2122,https://salvistas.com.br/filipinas/
redirecionar,-3,2013-12-23,Propósitos de Natal,Artigos,682,fonte,propositos-de-natal,2148,https://salvistas.com.br/propositos-de-natal/
redirecionar,-3,2013-12-30,Balanço da sucessão papal em 2013,Notícias,1064,news\.va|rádio vaticano|radio vaticano,balanco-da-sucessao-papal-em-2013,2150,https://salvistas.com.br/balanco-da-sucessao-papal-em-2013/
redirecionar,-3,2014-04-26,CANONIZAÇÃO,Mundo,14,,canonizacao-2,2201,https://salvistas.com.br/canonizacao-2/
redirecionar,-3,2014-09-10,XVII Congresso Eucarístico,Notícias,14,,xvii-congresso-eucaristico,2324,https://salvistas.com.br/xvii-congresso-eucaristico/
redirecionar,-3,2014-12-13,“Paz na Terra aos homens de boa vontade”,Notícias,649,fonte,paz-na-terra-aos-homens-de-boa-vontade,2408,https://salvistas.com.br/paz-na-terra-aos-homens-de-boa-vontade/
redirecionar,-3,2014-12-18,Processo de beatificação,Notícias,399,fonte,processo-de-beatificacao-2,2419,https://salvistas.com.br/processo-de-beatificacao-2/
redirecionar,-3,2015-01-06,Seminarista Guido Schäffer,Notícias,288,fonte,seminarista-guido-schaffer,2434,https://salvistas.com.br/seminarista-guido-schaffer/
redirecionar,-3,2015-01-12,RCC prepara Encontro Nacional,Notícias,281,fonte,rcc-prepara-encontro-nacional,2446,https://salvistas.com.br/rcc-prepara-encontro-nacional/
redirecionar,-3,2015-01-12,5 ANOS DO TERREMOTO,Mundo,408,fonte,5-anos-do-terremoto,2443,https://salvistas.com.br/5-anos-do-terremoto/
redirecionar,-3,2015-01-23,Dia Mundial da Religião,Artigos,754,fonte,dia-mundial-da-religiao,2469,https://salvistas.com.br/dia-mundial-da-religiao/
redirecionar,-3,2015-01-27,MENSAGEM PARA A QUARESMA,Mundo,415,fonte,mensagem-para-a-quaresma-2,2474,https://salvistas.com.br/mensagem-para-a-quaresma-2/
redirecionar,-3,2015-02-02,OFERTA TOTAL,Notícias,726,fonte,oferta-total,2495,https://salvistas.com.br/oferta-total/
redirecionar,-3,2015-04-13,Ano Santo da Misericórdia,Mundo,251,news\.va|rádio vaticano|radio vaticano,ano-santo-da-misericordia,2532,https://salvistas.com.br/ano-santo-da-misericordia/
redirecionar,-3,2015-06-29,História da Igreja Católica do Brasil,Mundo,311,fonte,historia-da-igreja-catolica-do-brasil-2,2552,https://salvistas.com.br/historia-da-igreja-catolica-do-brasil-2/
redirecionar,-3,2015-06-29,História da Igreja Católica do Brasil,Notícias,311,fonte,historia-da-igreja-catolica-do-brasil,2549,https://salvistas.com.br/historia-da-igreja-catolica-do-brasil/
redirecionar,-3,2015-12-27,SOLENIDADE DA SAGRADA FAMÍLIA,Artigos,384,news\.va|rádio vaticano|radio vaticano,solenidade-da-sagrada-familia,2601,https://salvistas.com.br/solenidade-da-sagrada-familia/
redirecionar,-3,2016-01-18,Mensagem para o Jubileu da Misericórdia dos Adolescentes,Artigos,779,fonte,mensagem-para-o-jubileu-da-misericordia-dos-adolescentes,2625,https://salvistas.com.br/mensagem-para-o-jubileu-da-misericordia-dos-adolescentes/
redirecionar,-3,2016-01-18,Igreja da Fazenda da Esperança é elevada ao título de Santuário,Notícias,359,fonte,igreja-da-fazenda-da-esperanca-e-elevada-ao-titulo-de-santuario,2622,https://salvistas.com.br/igreja-da-fazenda-da-esperanca-e-elevada-ao-titulo-de-santuario/
redirecionar,-3,2016-01-26,Mensagem do Papa para a Quaresma 2016,Artigos,1557,zenit|acidigital|gaudium,mensagem-do-papa-para-a-quaresma-2016,2639,https://salvistas.com.br/mensagem-do-papa-para-a-quaresma-2016/
redirecionar,-3,2016-02-15,EM CUBA,Mundo,353,news\.va|rádio vaticano|radio vaticano,em-cuba,2758,https://salvistas.com.br/em-cuba/
redirecionar,-3,2016-02-26,Pregação da Quaresma: acolher e praticar a Palavra de Deus,Notícias,303,fonte,pregacao-da-quaresma-acolher-e-praticar-a-palavra-de-deus,2786,https://salvistas.com.br/pregacao-da-quaresma-acolher-e-praticar-a-palavra-de-deus/
redirecionar,-3,2016-09-09,Publicado programa da viagem do Papa à Suécia,Mundo,155,news\.va|rádio vaticano|radio vaticano,publicado-programa-da-viagem-do-papa-a-suecia,2860,https://salvistas.com.br/publicado-programa-da-viagem-do-papa-a-suecia/
redirecionar,-3,2017-06-02,Nomeação,Notícias,255,fonte,nomeacao-2,2900,https://salvistas.com.br/nomeacao-2/
redirecionar,-4,2010-12-31,Mensagem,Artigos,346,cn,mensagem,363,https://salvistas.com.br/mensagem/
redirecionar,-4,2011-01-06,O uso do Projetor Multimídia na Liturgia,Artigos,1663,cn,o-uso-do-projetor-multimidia-na-liturgia,362,https://salvistas.com.br/o-uso-do-projetor-multimidia-na-liturgia/
redirecionar,-4,2011-02-24,Nota sobre ética e programas de TV,Salvistas,171,cn,nota-sobre-etica-e-programas-de-tv,371,https://salvistas.com.br/nota-sobre-etica-e-programas-de-tv/
redirecionar,-4,2011-03-07,Papa Bento XVI  – Angelus,Mundo,296,(papa|bento xvi|card|dom |cnbb|bispo),papa-bento-xvi-angelus,360,https://salvistas.com.br/papa-bento-xvi-angelus/
redirecionar,-4,2011-03-17,Cetel analisa textos litúrgicos,Salvistas,226,cn,cetel-analisa-textos-liturgicos,369,https://salvistas.com.br/cetel-analisa-textos-liturgicos/
redirecionar,-4,2011-04-23,Papa preside Via Sacra,Notícias,588,(papa|bento xvi|card|dom |cnbb|bispo),papa-preside-via-sacra,406,https://salvistas.com.br/papa-preside-via-sacra/
redirecionar,-4,2011-04-29,Conselho Nacional de Igrejas Cristãs,Notícias,686,testemunho cn,conselho-nacional-de-igrejas-cristas,416,https://salvistas.com.br/conselho-nacional-de-igrejas-cristas/
redirecionar,-4,2011-05-03,Mariologia,Notícias,245,cn,mariologia-2,420,https://salvistas.com.br/mariologia-2/
redirecionar,-4,2011-06-10,Livro sobre povos indígenas,Notícias,351,cn,livro-sobre-povos-indigenas,475,https://salvistas.com.br/livro-sobre-povos-indigenas/
redirecionar,-4,2011-06-16,Consep aprova texto-base e cartaz da CF-2012,Salvistas,234,cn,consep-aprova-texto-base-e-cartaz-da-cf-2012,479,https://salvistas.com.br/consep-aprova-texto-base-e-cartaz-da-cf-2012/
redirecionar,-4,2011-06-16,Campanha da Fraternidade de 2013,Notícias,149,votos cn,campanha-da-fraternidade-de-2013,480,https://salvistas.com.br/campanha-da-fraternidade-de-2013/
redirecionar,-4,2011-06-21,Congresso Nacional da Pastoral Familiar,Notícias,174,cn,congresso-nacional-da-pastoral-familiar,485,https://salvistas.com.br/congresso-nacional-da-pastoral-familiar/
redirecionar,-4,2011-06-22,Prêmios de Comunicação da CNBB 2010/2011,Notícias,1018,ordena[çc][ãa]o cn,premios-de-comunicacao-da-cnbb-20102011-2,489,https://salvistas.com.br/premios-de-comunicacao-da-cnbb-20102011-2/
redirecionar,-4,2011-06-25,Papa na JMJ 2011:,Mundo,323,(papa|bento xvi|card|dom |cnbb|bispo),papa-na-jmj-2011,491,https://salvistas.com.br/papa-na-jmj-2011/
redirecionar,-4,2011-06-26,Fidelidade é mais necessária do que nunca,Notícias,429,audiência,fidelidade-e-mais-necessaria-do-que-nunca,493,https://salvistas.com.br/fidelidade-e-mais-necessaria-do-que-nunca/
redirecionar,-4,2011-06-28,Bento XVI celebra 60 anos,Notícias,618,ordena[çc][ãa]o cn (papa|bento xvi|card|dom |cnbb|bispo),bento-xvi-celebra-60-anos,495,https://salvistas.com.br/bento-xvi-celebra-60-anos/
redirecionar,-4,2011-06-29,CNBB saúda Bento XVI,Notícias,187,ordena[çc][ãa]o cn (papa|bento xvi|card|dom |cnbb|bispo),cnbb-sauda-bento-xvi,498,https://salvistas.com.br/cnbb-sauda-bento-xvi/
redirecionar,-4,2011-07-04,Santa Catarina sedia o 2º Congresso,Notícias,237,cn,santa-catarina-sedia-o-2%c2%ba-congresso,519,https://salvistas.com.br/santa-catarina-sedia-o-2%c2%ba-congresso/
redirecionar,-4,2011-07-13,Meios de comunicação para a evangelização,Salvistas,1113,cn,meios-de-comunicacao-para-a-evangelizacao,657,https://salvistas.com.br/meios-de-comunicacao-para-a-evangelizacao/
redirecionar,-4,2011-07-29,5ª Semana Social Brasileira,Notícias,401,ordena[çc][ãa]o cn,5%c2%aa-semana-social-brasileira-2,714,https://salvistas.com.br/5%c2%aa-semana-social-brasileira-2/
redirecionar,-4,2011-08-04,Orientação do Santo Padre,Notícias,378,cn audiência,orientacao-do-santo-padre,820,https://salvistas.com.br/orientacao-do-santo-padre/
redirecionar,-4,2011-08-10,Comunicado da Comissão Episcopal,Notícias,111,ordena[çc][ãa]o cn,comunicado-da-comissao-episcopal,826,https://salvistas.com.br/comunicado-da-comissao-episcopal/
redirecionar,-4,2011-08-17,Pastoral Familiar,Notícias,251,cn,pastoral-familiar,877,https://salvistas.com.br/pastoral-familiar/
redirecionar,-4,2011-08-18,Papa Bento XVI aos jovens,Mundo,476,(papa|bento xvi|card|dom |cnbb|bispo),papa-bento-xvi-aos-jovens,878,https://salvistas.com.br/papa-bento-xvi-aos-jovens/
redirecionar,-4,2011-08-19,7º Sulão de Catequese,Notícias,251,cn,7%c2%ba-sulao-de-catequese,881,https://salvistas.com.br/7%c2%ba-sulao-de-catequese/
redirecionar,-4,2011-08-21,Rio 2013,Notícias,669,cn,rio-2013,882,https://salvistas.com.br/rio-2013/
redirecionar,-4,2011-08-22,JMJ 2013 no Rio,Salvistas,648,cn,jmj-2013-no-rio,885,https://salvistas.com.br/jmj-2013-no-rio/
redirecionar,-4,2011-09-02,Pastoral da Educação,Notícias,267,cn,pastoral-da-educacao,903,https://salvistas.com.br/pastoral-da-educacao/
redirecionar,-4,2011-09-05,Papa explica,Notícias,297,(papa|bento xvi|card|dom |cnbb|bispo),papa-explica,927,https://salvistas.com.br/papa-explica/
redirecionar,-4,2011-09-08,Dom Severino Clasen,Notícias,445,(papa|bento xvi|card|dom |cnbb|bispo),dom-severino-clasen,949,https://salvistas.com.br/dom-severino-clasen/
redirecionar,-4,2011-09-26,Pastoral da Juventude,Notícias,333,cn,pastoral-da-juventude,1005,https://salvistas.com.br/pastoral-da-juventude/
redirecionar,-4,2011-09-29,Papa à África em novembro,Notícias,118,(papa|bento xvi|card|dom |cnbb|bispo),papa-a-africa-em-novembro,1009,https://salvistas.com.br/papa-a-africa-em-novembro/
redirecionar,-4,2011-10-12,Festa da Padroeira,Notícias,308,cn,festa-da-padroeira,1039,https://salvistas.com.br/festa-da-padroeira/
redirecionar,-4,2011-10-14,Audiência com Papa Bento XVI,Mundo,354,audiência,audiencia-com-papa-bento-xvi,1042,https://salvistas.com.br/audiencia-com-papa-bento-xvi/
redirecionar,-4,2011-10-20,"Bento XVI ainda “respira” o Vaticano II, diz padre",Mundo,368,(papa|bento xvi|card|dom |cnbb|bispo),bento-xvi-ainda-respira-o-vaticano-ii-diz-padre,1047,https://salvistas.com.br/bento-xvi-ainda-respira-o-vaticano-ii-diz-padre/
redirecionar,-4,2011-10-25,Campanha SOS África,Notícias,759,ordena[çc][ãa]o cn,campanha-sos-africa,1053,https://salvistas.com.br/campanha-sos-africa/
redirecionar,-4,2012-02-08,Papa manda mensagem,Mundo,183,(papa|bento xvi|card|dom |cnbb|bispo),papa-manda-mensagem,1130,https://salvistas.com.br/papa-manda-mensagem/
redirecionar,-4,2012-02-09,Bispos do mundo pedem perdão,Mundo,238,(papa|bento xvi|card|dom |cnbb|bispo),bispos-do-mundo-pedem-perdao,1129,https://salvistas.com.br/bispos-do-mundo-pedem-perdao/
redirecionar,-4,2012-02-17,Consistório cria 22 novos cardeais,Mundo,224,cn,consistorio-cria-22-novos-cardeais,1125,https://salvistas.com.br/consistorio-cria-22-novos-cardeais/
redirecionar,-4,2012-06-15,"Evangelho João 19,31-37",Salvistas,677,testemunho fonte evangelho ,evangelho-joao-1931-37,1145,https://salvistas.com.br/evangelho-joao-1931-37/
redirecionar,-4,2012-06-22,"Evangelho Mateus 6,19-23",Salvistas,522,evangelho ,evangelho-mateus-619-23,1143,https://salvistas.com.br/evangelho-mateus-619-23/
redirecionar,-4,2012-06-27,"Evangelho Mateus 7,15-20",Salvistas,566,evangelho ,evangelho-mateus-715-20,1141,https://salvistas.com.br/evangelho-mateus-715-20/
redirecionar,-4,2012-08-02,3º Encontro Nacional da Missão Continental,Notícias,374,cn,3o-encontro-nacional-da-missao-continental,1355,https://salvistas.com.br/3o-encontro-nacional-da-missao-continental/
redirecionar,-4,2012-08-07,Seminário Nacional Juventude e Missão,Notícias,223,ordena[çc][ãa]o cn,seminario-nacional-juventude-e-missao,1372,https://salvistas.com.br/seminario-nacional-juventude-e-missao/
redirecionar,-4,2012-08-09,Comissão para a Vida e a Família,Notícias,1430,cn,comissao-para-a-vida-e-a-familia,1448,https://salvistas.com.br/comissao-para-a-vida-e-a-familia/
redirecionar,-4,2012-08-21,Roraima prepara Bote Fé na Juventude,Notícias,370,cn,roraima-prepara-bote-fe-na-juventude,1481,https://salvistas.com.br/roraima-prepara-bote-fe-na-juventude/
redirecionar,-4,2012-08-22,Infância e Adolescência Missionária,Notícias,658,cn,infancia-e-adolescencia-missionaria,1483,https://salvistas.com.br/infancia-e-adolescencia-missionaria/
redirecionar,-4,2012-09-03,Resolução do CFM,Salvistas,639,cn,resolucao-do-cfm,1621,https://salvistas.com.br/resolucao-do-cfm/
redirecionar,-4,2012-09-04,Celebração dos 20 anos do Catecismo e o Ano da Fé,Notícias,642,cn,celebracao-dos-20-anos-do-catecismo-e-o-ano-da-fe,1650,https://salvistas.com.br/celebracao-dos-20-anos-do-catecismo-e-o-ano-da-fe/
redirecionar,-4,2012-09-11,Evangelização com a juventude,Notícias,447,ordena[çc][ãa]o cn,evangelizacao-com-a-juventude,1655,https://salvistas.com.br/evangelizacao-com-a-juventude/
redirecionar,-4,2012-09-17,Papa no Líbano,Notícias,411,(papa|bento xvi|card|dom |cnbb|bispo),papa-no-libano,1665,https://salvistas.com.br/papa-no-libano/
redirecionar,-4,2012-09-27,preparação da CF,Notícias,161,cn,preparacao-da-cf,1702,https://salvistas.com.br/preparacao-da-cf/
redirecionar,-4,2012-09-28,Voto consciente e limpo,Notícias,689,votos cn,voto-consciente-e-limpo,1703,https://salvistas.com.br/voto-consciente-e-limpo/
redirecionar,-4,2012-10-10,Nomeação de novos bispos,Notícias,343,cn,nomeacao-de-novos-bispos,1724,https://salvistas.com.br/nomeacao-de-novos-bispos/
redirecionar,-4,2012-10-13,2º Ebruc,Notícias,538,testemunho cn,2o-ebruc,1736,https://salvistas.com.br/2o-ebruc/
redirecionar,-4,2012-10-13,Universitários Cristãos,Notícias,521,cn,universitarios-cristaos,1735,https://salvistas.com.br/universitarios-cristaos/
redirecionar,-4,2012-10-25,Encontro Nacional de Responsáveis de Juventude,Notícias,246,cn,encontro-nacional-de-responsaveis-de-juventude,1764,https://salvistas.com.br/encontro-nacional-de-responsaveis-de-juventude/
redirecionar,-4,2012-11-10,Dom Odilo Scherer,Notícias,85,(papa|bento xvi|card|dom |cnbb|bispo),dom-odilo-scherer,1812,https://salvistas.com.br/dom-odilo-scherer/
redirecionar,-4,2012-12-07,Papa e as pregações do Advento,Mundo,266,(papa|bento xvi|card|dom |cnbb|bispo),papa-e-as-pregacoes-do-advento,1846,https://salvistas.com.br/papa-e-as-pregacoes-do-advento/
redirecionar,-4,2013-01-10,Campanha da Fraternidade 2013,Salvistas,715,cn,campanha-da-fraternidade-2013,1874,https://salvistas.com.br/campanha-da-fraternidade-2013/
redirecionar,-4,2013-01-11,Semana Missionária,Notícias,556,ordena[çc][ãa]o cn,semana-missionaria,1876,https://salvistas.com.br/semana-missionaria/
redirecionar,-4,2013-01-16,Campanha da Fraternidade completará 50 anos,Salvistas,545,cn,campanha-da-fraternidade-completara-50-anos,1884,https://salvistas.com.br/campanha-da-fraternidade-completara-50-anos/
redirecionar,-4,2013-02-09,Comunicação da CNBB,Notícias,228,ordena[çc][ãa]o cn,comunicacao-da-cnbb,1930,https://salvistas.com.br/comunicacao-da-cnbb/
redirecionar,-4,2013-02-22,Subsídio Hora da Família 2013,Notícias,274,cn,subsidio-hora-da-familia-2013,1939,https://salvistas.com.br/subsidio-hora-da-familia-2013/
redirecionar,-4,2013-03-12,Dom Odilo destaca clima de ‘serenidade e fraternidade’,Salvistas,148,cn (papa|bento xvi|card|dom |cnbb|bispo),dom-odilo-destaca-clima-de-serenidade-e-fraternidade,1954,https://salvistas.com.br/dom-odilo-destaca-clima-de-serenidade-e-fraternidade/
redirecionar,-4,2013-03-23,Considerações sobre a nota do CFM a respeito do aborto,Notícias,636,cn,consideracoes-sobre-a-nota-do-cfm-a-respeito-do-aborto,1966,https://salvistas.com.br/consideracoes-sobre-a-nota-do-cfm-a-respeito-do-aborto/
redirecionar,-4,2013-03-28,Primeira Catequese com os fiéis,Notícias,417,audiência,primeira-catequese-com-os-fieis,1971,https://salvistas.com.br/primeira-catequese-com-os-fieis/
redirecionar,-4,2013-04-04,51ª Assembleia da CNBB tem página no facebook,Salvistas,113,cn,51a-assembleia-da-cnbb-tem-pagina-no-facebook,1991,https://salvistas.com.br/51a-assembleia-da-cnbb-tem-pagina-no-facebook/
redirecionar,-4,2013-04-08,51ª Assembleia dos Bispos do Brasil,Salvistas,1209,cn,51a-assembleia-dos-bispos-do-brasil,1996,https://salvistas.com.br/51a-assembleia-dos-bispos-do-brasil/
redirecionar,-4,2013-05-23,Coleta nacional em prol da JMJ Rio2013,Notícias,908,testemunho cn,coleta-nacional-em-prol-da-jmj-rio2013,2041,https://salvistas.com.br/coleta-nacional-em-prol-da-jmj-rio2013/
redirecionar,-4,2013-06-28,“Carta dos Direitos da Família” completa 30 anos,Notícias,328,cn,carta-dos-direitos-da-familia-completa-30-anos,2062,https://salvistas.com.br/carta-dos-direitos-da-familia-completa-30-anos/
redirecionar,-4,2013-07-12,Assembleia Geral,Salvistas,396,cn,assembleia-geral,2065,https://salvistas.com.br/assembleia-geral/
redirecionar,-4,2013-08-07,Saúde+10,Salvistas,595,cn,saude10,2075,https://salvistas.com.br/saude10/
redirecionar,-4,2013-08-13,Pastoral Vocacional e Serviço de Animação Vocacional,Salvistas,734,cn,pastoral-vocacional-e-servico-de-animacao-vocacional,2077,https://salvistas.com.br/pastoral-vocacional-e-servico-de-animacao-vocacional/
redirecionar,-4,2013-08-30,Semana Social Brasileira,Salvistas,211,cn,semana-social-brasileira,2081,https://salvistas.com.br/semana-social-brasileira/
redirecionar,-4,2013-09-03,Ato Público,Salvistas,308,cn,ato-publico,2083,https://salvistas.com.br/ato-publico/
redirecionar,-4,2013-09-17,Encontro do Regional Sul 1,Salvistas,328,cn,encontro-do-regional-sul-1,2090,https://salvistas.com.br/encontro-do-regional-sul-1/
redirecionar,-4,2013-09-27,Curso à distância,Salvistas,548,cn,curso-a-distancia,2096,https://salvistas.com.br/curso-a-distancia/
redirecionar,-4,2013-10-04,Santuário Nacional,Salvistas,981,cn,santuario-nacional,2100,https://salvistas.com.br/santuario-nacional/
redirecionar,-4,2013-10-10,Sínodo de 2014,Mundo,729,cn,sinodo-de-2014,2104,https://salvistas.com.br/sinodo-de-2014/
redirecionar,-4,2013-10-29,Começa o 8º Mutirão Brasileiro de Comunicação,Salvistas,582,cn,comeca-o-8o-mutirao-brasileiro-de-comunicacao,2114,https://salvistas.com.br/comeca-o-8o-mutirao-brasileiro-de-comunicacao/
redirecionar,-4,2013-10-30,Próxima Assembleia Geral da CNBB,Salvistas,440,cn,proxima-assembleia-geral-da-cnbb,2115,https://salvistas.com.br/proxima-assembleia-geral-da-cnbb/
redirecionar,-4,2013-11-07,Saudação ao novo bispo de Crateús (CE),Salvistas,722,ordena[çc][ãa]o testemunho fonte cn,saudacao-ao-novo-bispo-de-crateus-ce,2119,https://salvistas.com.br/saudacao-ao-novo-bispo-de-crateus-ce/
redirecionar,-4,2013-11-13,Prêmios de comunicação – CNBB,Salvistas,518,cn,premios-de-comunicacao-cnbb,2125,https://salvistas.com.br/premios-de-comunicacao-cnbb/
redirecionar,-4,2013-12-04,Curso oferece formação para músicos litúrgicos,Salvistas,404,cn,curso-oferece-formacao-para-musicos-liturgicos,2135,https://salvistas.com.br/curso-oferece-formacao-para-musicos-liturgicos/
redirecionar,-4,2013-12-06,Papa institui comissão,Salvistas,753,cn (papa|bento xvi|card|dom |cnbb|bispo),papa-institui-comissao,2137,https://salvistas.com.br/papa-institui-comissao/
redirecionar,-4,2013-12-17,Líderes juvenis,Salvistas,438,cn,lideres-juvenis,2146,https://salvistas.com.br/lideres-juvenis/
redirecionar,-4,2014-01-10,4º Encontro Nacional,Notícias,940,testemunho cn,4o-encontro-nacional,2156,https://salvistas.com.br/4o-encontro-nacional/
redirecionar,-4,2014-01-13,Congratulações da CNBB,Salvistas,362,cn,congratulacoes-da-cnbb,2158,https://salvistas.com.br/congratulacoes-da-cnbb/
redirecionar,-4,2014-02-03,Mensagem ao Dia Mundial da Vida Consagrada,Salvistas,2254,votos testemunho cn zenit|acidigital|gaudium,mensagem-ao-dia-mundial-da-vida-consagrada,2168,https://salvistas.com.br/mensagem-ao-dia-mundial-da-vida-consagrada/
redirecionar,-4,2014-02-06,Missionárias ao Haiti,Salvistas,737,cn,missionarias-ao-haiti,2170,https://salvistas.com.br/missionarias-ao-haiti/
redirecionar,-4,2014-02-17,Curso prepara missionários para a Amazônia,Salvistas,500,cn,curso-prepara-missionarios-para-a-amazonia,2172,https://salvistas.com.br/curso-prepara-missionarios-para-a-amazonia/
redirecionar,-4,2014-02-27,Prêmios de Comunicação,Salvistas,1149,cn,premios-de-comunicacao,2176,https://salvistas.com.br/premios-de-comunicacao/
redirecionar,-4,2014-03-10,Saudação a dom Antônio Carlos Félix,Salvistas,490,cn,saudacao-a-dom-antonio-carlos-felix,2180,https://salvistas.com.br/saudacao-a-dom-antonio-carlos-felix/
redirecionar,-4,2014-03-12,Análise de conjuntura e Episcopo.Net,Salvistas,374,cn,analise-de-conjuntura-e-episcopo-net,2181,https://salvistas.com.br/analise-de-conjuntura-e-episcopo-net/
redirecionar,-4,2014-03-21,Muticom,Salvistas,80,cn,muticom,2183,https://salvistas.com.br/muticom/
redirecionar,-4,2014-04-11,“Não à manipulação educativa da infância”,Notícias,752,audiência,nao-a-manipulacao-educativa-da-infancia,2199,https://salvistas.com.br/nao-a-manipulacao-educativa-da-infancia/
redirecionar,-4,2016-01-02,Papa:,Artigos,643,(papa|bento xvi|card|dom |cnbb|bispo),papa,2607,https://salvistas.com.br/papa/
redirecionar,-4,2016-01-09,Congresso Eucarístico Nacional,Notícias,284,testemunho fonte cn,congresso-eucaristico-nacional,2618,https://salvistas.com.br/congresso-eucaristico-nacional/
redirecionar,-4,2016-01-26,Papa Francisco aprova milagre,Mundo,337,(papa|bento xvi|card|dom |cnbb|bispo),papa-francisco-aprova-milagre,2635,https://salvistas.com.br/papa-francisco-aprova-milagre/
redirecionar,-4,2016-09-09,Primeiros mártires do Brasil mais perto da santidade,Notícias,268,cn audiência,primeiros-martires-do-brasil-mais-perto-da-santidade,2863,https://salvistas.com.br/primeiros-martires-do-brasil-mais-perto-da-santidade/
redirecionar,-4,2016-12-21,Audiência:,Artigos,564,audiência,audiencia,2873,https://salvistas.com.br/audiencia/
redirecionar,-4,2017-01-26,Homilia do Papa na Solenidade da Conversão de São Paulo,Artigos,1104,testemunho fonte homilia do papa,homilia-do-papa-na-solenidade-da-conversao-de-sao-paulo,2884,https://salvistas.com.br/homilia-do-papa-na-solenidade-da-conversao-de-sao-paulo/
redirecionar,-5,2011-03-09,Mensagem do papa Bento XVI para a Quaresma,Mundo,2096,fonte cn,mensagem-do-papa-bento-xvi-para-a-quaresma,358,https://salvistas.com.br/mensagem-do-papa-bento-xvi-para-a-quaresma/
redirecionar,-5,2011-03-31,Papa Bento XVI,Mundo,1214,votos profiss[ãa]o audiência (papa|bento xvi|card|dom |cnbb|bispo),papa-bento-xvi,353,https://salvistas.com.br/papa-bento-xvi/
redirecionar,-5,2011-04-05,Papa reza pelos jovens,Notícias,105,testemunho cn (papa|bento xvi|card|dom |cnbb|bispo),papa-reza-pelos-jovens,381,https://salvistas.com.br/papa-reza-pelos-jovens/
redirecionar,-5,2011-04-28,Três dias de oração pelo papa João Paulo II,Mundo,163,cn news\.va|rádio vaticano|radio vaticano,tres-dias-de-oracao-pelo-papa-joao-paulo-ii,414,https://salvistas.com.br/tres-dias-de-oracao-pelo-papa-joao-paulo-ii/
redirecionar,-5,2011-06-29,"Parabéns, Papa Bento XVI!",Artigos,515,testemunho fonte,parabens-papa-bento-xvi,496,https://salvistas.com.br/parabens-papa-bento-xvi/
redirecionar,-5,2011-08-10,Pontifício Conselho da Cultura,Mundo,251,cn news\.va|rádio vaticano|radio vaticano,pontificio-conselho-da-cultura,825,https://salvistas.com.br/pontificio-conselho-da-cultura/
redirecionar,-5,2011-10-26,Campanha da Fraternidade 2012,Notícias,15,cn,campanha-da-fraternidade-2012,1054,https://salvistas.com.br/campanha-da-fraternidade-2012/
redirecionar,-5,2012-07-18,Visita do papa ao Líbano,Notícias,212,cn news\.va|rádio vaticano|radio vaticano,visita-do-papa-ao-libano,1158,https://salvistas.com.br/visita-do-papa-ao-libano/
redirecionar,-5,2012-09-29,Semana Nacional da Vida,Notícias,995,profiss[ãa]o cn,semana-nacional-da-vida,1706,https://salvistas.com.br/semana-nacional-da-vida/
redirecionar,-5,2013-01-01,Retrospectiva do Papa,Notícias,646,votos cn news\.va|rádio vaticano|radio vaticano audiência,retrospectiva-do-papa,1861,https://salvistas.com.br/retrospectiva-do-papa/
redirecionar,-5,2013-01-14,Dra. Zilda Arns,Notícias,391,cn news\.va|rádio vaticano|radio vaticano,dra-zilda-arns,1880,https://salvistas.com.br/dra-zilda-arns/
redirecionar,-5,2013-02-25,Perguntas Frequentes,Artigos,11,cn,perguntas-frequentes,1940,https://salvistas.com.br/perguntas-frequentes/
redirecionar,-5,2013-04-01,Páscoa na Praça São Pedro,Notícias,404,fonte cn,pascoa-na-praca-sao-pedro,1974,https://salvistas.com.br/pascoa-na-praca-sao-pedro/
redirecionar,-5,2013-06-21,Nota da CNBB,Notícias,509,testemunho cn,nota-da-cnbb,2058,https://salvistas.com.br/nota-da-cnbb/
redirecionar,-5,2013-07-23,Primeiro discurso do Papa no Brasil,Notícias,817,cn news\.va|rádio vaticano|radio vaticano,primeiro-discurso-do-papa-no-brasil,2069,https://salvistas.com.br/primeiro-discurso-do-papa-no-brasil/
redirecionar,-5,2013-12-02,Ano de 2015 será dedicado à vida consagrada,Mundo,1018,testemunho news\.va|rádio vaticano|radio vaticano audiência,ano-de-2015-sera-dedicado-a-vida-consagrada,2133,https://salvistas.com.br/ano-de-2015-sera-dedicado-a-vida-consagrada/
redirecionar,-5,2014-01-08,13º Intereclesial das CEBs,Mundo,639,cn zenit|acidigital|gaudium,13o-intereclesial-das-cebs,2154,https://salvistas.com.br/13o-intereclesial-das-cebs/
redirecionar,-5,2014-03-27,Liturgia em Mutirão III,Notícias,9,cn,liturgia-em-mutirao-iii,2185,https://salvistas.com.br/liturgia-em-mutirao-iii/
redirecionar,-5,2014-04-11,"Tráfico humano é delito contra a humanidade, reitera Papa",Mundo,311,news\.va|rádio vaticano|radio vaticano audiência,trafico-humano-e-delito-contra-a-humanidade-reitera-papa,2197,https://salvistas.com.br/trafico-humano-e-delito-contra-a-humanidade-reitera-papa/
redirecionar,-5,2014-11-12,Vaticano,Mundo,416,fonte audiência,vaticano-2,2390,https://salvistas.com.br/vaticano-2/
redirecionar,-5,2015-01-12,Festa do Batismo do Senhor,Artigos,952,fonte cn,festa-do-batismo-do-senhor,2449,https://salvistas.com.br/festa-do-batismo-do-senhor/
redirecionar,-5,2015-01-23,Processo de beatificação,Notícias,471,fonte cn,processo-de-beatificacao-3,2463,https://salvistas.com.br/processo-de-beatificacao-3/
redirecionar,-5,2015-03-20,Jornada Diocesana da Juventude 2015,Notícias,415,fonte cn,jornada-diocesana-da-juventude-2015,2524,https://salvistas.com.br/jornada-diocesana-da-juventude-2015/
redirecionar,-5,2016-01-21,Evento conclusivo do Ano da Vida Consagrada,Notícias,334,news\.va|rádio vaticano|radio vaticano audiência,evento-conclusivo-do-ano-da-vida-consagrada,2631,https://salvistas.com.br/evento-conclusivo-do-ano-da-vida-consagrada/
redirecionar,-5,2016-02-15,"Zika, microcefalia e aborto",Artigos,702,fonte cn,zika-microcefalia-e-aborto,2761,https://salvistas.com.br/zika-microcefalia-e-aborto/
redirecionar,-5,2016-04-13,Papa indica dois remédios para o pecado,Salvistas,503,news\.va|rádio vaticano|radio vaticano (papa|bento xvi|card|dom |cnbb|bispo),papa-indica-dois-remedios-para-o-pecado,2840,https://salvistas.com.br/papa-indica-dois-remedios-para-o-pecado/
redirecionar,-6,2011-04-06,Lectionuatas,Notícias,284,cn,lectionuatas,380,https://salvistas.com.br/lectionuatas/
redirecionar,-6,2011-04-26,Biblioteca Virtual,Notícias,229,cn,biblioteca-virtual-2,412,https://salvistas.com.br/biblioteca-virtual-2/
redirecionar,-6,2011-04-30,49ª Assembleia Geral da CNBB,Notícias,476,cn,49%c2%aa-assembleia-geral-da-cnbb,417,https://salvistas.com.br/49%c2%aa-assembleia-geral-da-cnbb/
redirecionar,-6,2011-05-06,Liturgia,Mundo,624,fonte,liturgia,429,https://salvistas.com.br/liturgia/
redirecionar,-6,2011-05-18,Peregrinação Nacional da Família,Notícias,416,cn,peregrinacao-nacional-da-familia,451,https://salvistas.com.br/peregrinacao-nacional-da-familia/
redirecionar,-6,2011-05-24,24 de maio,Mundo,801,cn audiência,24-de-maio,425,https://salvistas.com.br/24-de-maio/
redirecionar,-6,2011-07-08,Seminário de Comunicação,Notícias,393,cn,seminario-de-comunicacao,653,https://salvistas.com.br/seminario-de-comunicacao/
redirecionar,-6,2011-07-18,Aberto o 7º Mutirão Brasileiro de Comunicação,Notícias,445,cn,aberto-o-7%c2%ba-mutirao-brasileiro-de-comunicacao-2,668,https://salvistas.com.br/aberto-o-7%c2%ba-mutirao-brasileiro-de-comunicacao-2/
redirecionar,-6,2011-07-26,Hora da Família 2011,Notícias,490,cn,hora-da-familia-2011,699,https://salvistas.com.br/hora-da-familia-2011/
redirecionar,-6,2011-08-05,Mensagem aos participantes da JMJ,Notícias,704,cn,mensagem-aos-participantes-da-jmj,818,https://salvistas.com.br/mensagem-aos-participantes-da-jmj/
redirecionar,-6,2011-08-12,Reforma Política,Notícias,291,cn,reforma-politica,827,https://salvistas.com.br/reforma-politica/
redirecionar,-6,2011-08-22,Dom Orani fala sobre a JMJ,Notícias,554,cn (papa|bento xvi|card|dom |cnbb|bispo),dom-orani-fala-sobre-a-jmj,887,https://salvistas.com.br/dom-orani-fala-sobre-a-jmj/
redirecionar,-6,2011-08-25,Direção da CNBB aos Jovens brasileiros,Artigos,367,cn,direcao-da-cnbb-aos-jovens-brasileiros,889,https://salvistas.com.br/direcao-da-cnbb-aos-jovens-brasileiros/
redirecionar,-6,2011-08-27,desafios das CEBs,Notícias,296,cn,desafios-das-cebs,894,https://salvistas.com.br/desafios-das-cebs/
redirecionar,-6,2011-09-23,Consep,Notícias,575,cn,consep,1003,https://salvistas.com.br/consep/
redirecionar,-6,2011-10-04,Santuário de Aparecida,Notícias,373,cn,santuario-de-aparecida,1014,https://salvistas.com.br/santuario-de-aparecida/
redirecionar,-6,2011-10-06,Celibato é tema de Simpósio Nacional,Notícias,793,cn,celibato-e-tema-de-simposio-nacional,1018,https://salvistas.com.br/celibato-e-tema-de-simposio-nacional/
redirecionar,-6,2011-10-07,Bispos da Celam,Mundo,443,testemunho fonte (papa|bento xvi|card|dom |cnbb|bispo),bispos-da-celam,1031,https://salvistas.com.br/bispos-da-celam/
redirecionar,-6,2011-10-11,Congresso de Animação Bíblica,Notícias,352,cn,congresso-de-animacao-biblica,1032,https://salvistas.com.br/congresso-de-animacao-biblica/
redirecionar,-6,2011-10-19,Diálogo Interreligioso,Notícias,284,cn,dialogo-interreligioso,1046,https://salvistas.com.br/dialogo-interreligioso/
redirecionar,-6,2011-10-28,Reforma Política profunda no país,Notícias,660,cn,reforma-politica-profunda-no-pais,1068,https://salvistas.com.br/reforma-politica-profunda-no-pais/
redirecionar,-6,2011-11-04,JMJ e Minas Gerais,Notícias,408,cn,jmj-e-minas-gerais,1075,https://salvistas.com.br/jmj-e-minas-gerais/
redirecionar,-6,2011-11-08,Cardeal Zenon Grocholewski,Mundo,315,cn (papa|bento xvi|card|dom |cnbb|bispo),cardeal-zenon-grocholewski,1078,https://salvistas.com.br/cardeal-zenon-grocholewski/
redirecionar,-6,2011-11-11,Papa Bento XVI deve visitar o México e Cuba,Mundo,212,cn (papa|bento xvi|card|dom |cnbb|bispo),papa-bento-xvi-deve-visitar-o-mexico-e-cuba,1080,https://salvistas.com.br/papa-bento-xvi-deve-visitar-o-mexico-e-cuba/
redirecionar,-6,2011-11-14,Formação missionária dos futuros sacerdotes,Notícias,642,cn,formacao-missionaria-dos-futuros-sacerdotes,1082,https://salvistas.com.br/formacao-missionaria-dos-futuros-sacerdotes/
redirecionar,-6,2011-11-15,3º Congresso Missionário Nacional,Notícias,508,cn,3%c2%ba-congresso-missionario-nacional,1085,https://salvistas.com.br/3%c2%ba-congresso-missionario-nacional/
redirecionar,-6,2011-11-18,Comissão Bíblico-catequética,Notícias,549,cn,comissao-biblico-catequetica,1088,https://salvistas.com.br/comissao-biblico-catequetica/
redirecionar,-6,2011-12-23,Papa Bento XVI lembra o sentido religioso do Natal,Artigos,439,votos cn audiência (papa|bento xvi|card|dom |cnbb|bispo),papa-bento-xvi-lembra-o-sentido-religioso-do-natal,1135,https://salvistas.com.br/papa-bento-xvi-lembra-o-sentido-religioso-do-natal/
redirecionar,-6,2012-02-19,Conheça os novos cardeais,Mundo,51,fonte,conheca-os-novos-cardeais,1124,https://salvistas.com.br/conheca-os-novos-cardeais/
redirecionar,-6,2012-06-12,Leituras Relacionadas ao dia 12/06/2012 – CNBB,Salvistas,684,cn leituras relacionadas,leituras-relacionadas-ao-dia-12062012-cnbb,1148,https://salvistas.com.br/leituras-relacionadas-ao-dia-12062012-cnbb/
redirecionar,-6,2012-06-14,"Evangelho Mateus 5,20-26",Salvistas,666,testemunho fonte evangelho ,evangelho-mateus-520-26,1146,https://salvistas.com.br/evangelho-mateus-520-26/
redirecionar,-6,2012-07-03,Cruz comemorativa do Bote Fé,Notícias,304,cn,cruz-comemorativa-do-bote-fe,1155,https://salvistas.com.br/cruz-comemorativa-do-bote-fe/
redirecionar,-6,2012-07-06,"Evangelho Mateus 9,9-13",Notícias,676,evangelho ,evangelho-mateus-99-13,1152,https://salvistas.com.br/evangelho-mateus-99-13/
redirecionar,-6,2012-07-11,Papa Bento XVI sobre dom Eugênio,Notícias,291,cn (papa|bento xvi|card|dom |cnbb|bispo),papa-bento-xvi-sobre-dom-eugenio,1150,https://salvistas.com.br/papa-bento-xvi-sobre-dom-eugenio/
redirecionar,-6,2012-07-16,Encontro da PASCOM em Aparecida,Notícias,415,cn,encontro-da-pascom-em-aparecida,1149,https://salvistas.com.br/encontro-da-pascom-em-aparecida/
redirecionar,-6,2012-07-25,Preparai o caminho,Notícias,463,cn,preparai-o-caminho,1268,https://salvistas.com.br/preparai-o-caminho/
redirecionar,-6,2012-07-27,Semana Missionária da JMJ Rio2013,Notícias,511,cn,semana-missionaria-da-jmj-rio2013,1319,https://salvistas.com.br/semana-missionaria-da-jmj-rio2013/
redirecionar,-6,2012-08-01,Celebração do mês vocacional,Artigos,206,cn,celebracao-do-mes-vocacional,1353,https://salvistas.com.br/celebracao-do-mes-vocacional/
redirecionar,-6,2012-08-04,Semana Nacional da Família,Notícias,321,cn,semana-nacional-da-familia,1366,https://salvistas.com.br/semana-nacional-da-familia/
redirecionar,-6,2012-08-29,Ação de graças e Jubileu,Notícias,318,cn,acao-de-gracas-e-jubileu,1601,https://salvistas.com.br/acao-de-gracas-e-jubileu/
redirecionar,-6,2012-10-15,A CNBB nasceu assim,Notícias,1227,cn,a-cnbb-nasceu-assim,1740,https://salvistas.com.br/a-cnbb-nasceu-assim/
redirecionar,-6,2012-10-18,Lançado CD com o Hino da CF 2013,Notícias,238,cn,lancado-cd-com-o-hino-da-cf-2013,1743,https://salvistas.com.br/lancado-cd-com-o-hino-da-cf-2013/
redirecionar,-6,2012-11-06,Secretário da CNBB,Notícias,581,cn,secretario-da-cnbb,1787,https://salvistas.com.br/secretario-da-cnbb/
redirecionar,-6,2012-11-07,Vida Religiosa Consagrada,Notícias,733,cn,vida-religiosa-consagrada,1788,https://salvistas.com.br/vida-religiosa-consagrada/
redirecionar,-6,2012-12-21,Hora da Família 2013,Notícias,219,cn,hora-da-familia-2013,1854,https://salvistas.com.br/hora-da-familia-2013/
redirecionar,-6,2013-01-02,Papa celebra solenidade da Mãe de Deus,Notícias,1078,cn (papa|bento xvi|card|dom |cnbb|bispo),papa-celebra-solenidade-da-mae-de-deus,1862,https://salvistas.com.br/papa-celebra-solenidade-da-mae-de-deus/
redirecionar,-6,2013-01-09,Ano da paz,Artigos,550,fonte,ano-da-paz,1868,https://salvistas.com.br/ano-da-paz/
redirecionar,-6,2013-01-16,Comissão Brasileira Justiça e Paz,Notícias,323,cn,comissao-brasileira-justica-e-paz,1885,https://salvistas.com.br/comissao-brasileira-justica-e-paz/
redirecionar,-6,2013-01-29,Nota Oficial da CNBB,Notícias,351,cn,nota-oficial-da-cnbb,1924,https://salvistas.com.br/nota-oficial-da-cnbb/
redirecionar,-6,2013-02-25,Bento XVI no último Angelus,Notícias,500,cn (papa|bento xvi|card|dom |cnbb|bispo),bento-xvi-no-ultimo-angelus,1941,https://salvistas.com.br/bento-xvi-no-ultimo-angelus/
redirecionar,-6,2013-03-01,Sé Vacante,Notícias,327,cn,se-vacante,1946,https://salvistas.com.br/se-vacante/
redirecionar,-6,2013-03-20,Papa Francisco recebe presidente Dilma Roussef,Notícias,251,cn (papa|bento xvi|card|dom |cnbb|bispo),papa-francisco-recebe-presidente-dilma-roussef,1963,https://salvistas.com.br/papa-francisco-recebe-presidente-dilma-roussef/
redirecionar,-6,2013-03-21,51ª Assembleia Geral,Notícias,218,cn,51a-assembleia-geral,1964,https://salvistas.com.br/51a-assembleia-geral/
redirecionar,-6,2013-03-24,Visita do Papa,Notícias,899,cn,visita-do-papa,1967,https://salvistas.com.br/visita-do-papa/
redirecionar,-6,2013-04-06,Presidente da CNBB,Notícias,160,cn,presidente-da-cnbb,1994,https://salvistas.com.br/presidente-da-cnbb/
redirecionar,-6,2013-04-12,Dom Sergio Eduardo Castriani,Notícias,646,cn (papa|bento xvi|card|dom |cnbb|bispo),dom-sergio-eduardo-castriani,1998,https://salvistas.com.br/dom-sergio-eduardo-castriani/
redirecionar,-6,2013-04-24,Primeiros bispos nomeados para o Brasil pelo Papa Francisco,Mundo,729,cn,primeiros-bispos-nomeados-para-o-brasil-pelo-papa-francisco,2021,https://salvistas.com.br/primeiros-bispos-nomeados-para-o-brasil-pelo-papa-francisco/
redirecionar,-6,2013-04-24,Cáritas Brasileira,Notícias,530,cn,caritas-brasileira,2020,https://salvistas.com.br/caritas-brasileira/
redirecionar,-6,2013-04-26,Liturgia em Mutirão,Notícias,509,cn,liturgia-em-mutirao,2023,https://salvistas.com.br/liturgia-em-mutirao/
redirecionar,-6,2013-05-07,Assessores reafirmam compromisso,Notícias,778,cn,assessores-reafirmam-compromisso,2029,https://salvistas.com.br/assessores-reafirmam-compromisso/
redirecionar,-6,2013-05-10,Comissão para a Vida e Família,Notícias,134,cn,comissao-para-a-vida-e-familia,2034,https://salvistas.com.br/comissao-para-a-vida-e-familia/
redirecionar,-6,2013-05-11,Vigília de Jovens Adoradores,Notícias,434,cn,vigilia-de-jovens-adoradores,2035,https://salvistas.com.br/vigilia-de-jovens-adoradores/
redirecionar,-6,2013-05-14,O que Deus exige de nós?,Notícias,690,cn,o-que-deus-exige-de-nos,2036,https://salvistas.com.br/o-que-deus-exige-de-nos/
redirecionar,-6,2013-05-16,Reunião do Consep,Notícias,742,cn,reuniao-do-consep,2038,https://salvistas.com.br/reuniao-do-consep/
redirecionar,-6,2013-05-17,Nota da CNBB sobre a redução da maioridade penal,Notícias,1626,cn,nota-da-cnbb-sobre-a-reducao-da-maioridade-penal,2039,https://salvistas.com.br/nota-da-cnbb-sobre-a-reducao-da-maioridade-penal/
redirecionar,-6,2013-05-21,4º Seminário Social,Notícias,1031,cn,4o-seminario-social,2040,https://salvistas.com.br/4o-seminario-social/
redirecionar,-6,2013-05-28,Estudo 104 é enviado às Dioceses do Brasil,Notícias,322,cn,estudo-104-e-enviado-as-dioceses-do-brasil,2044,https://salvistas.com.br/estudo-104-e-enviado-as-dioceses-do-brasil/
redirecionar,-6,2013-05-31,32ª Assembleia Geral Ordinária,Notícias,456,cn,32a-assembleia-geral-ordinaria,2046,https://salvistas.com.br/32a-assembleia-geral-ordinaria/
redirecionar,-6,2013-06-04,VI Encontro Nacional de Jornalistas,Notícias,256,cn,vi-encontro-nacional-de-jornalistas,2048,https://salvistas.com.br/vi-encontro-nacional-de-jornalistas/
redirecionar,-6,2013-06-05,Comissão da CNBB,Notícias,802,cn,comissao-da-cnbb,2050,https://salvistas.com.br/comissao-da-cnbb/
redirecionar,-6,2013-06-14,Pastoral Universitária,Notícias,315,cn,pastoral-universitaria,2053,https://salvistas.com.br/pastoral-universitaria/
redirecionar,-6,2013-06-17,Instituto para as Obras de Religião,Notícias,386,news\.va|rádio vaticano|radio vaticano,instituto-para-as-obras-de-religiao,2054,https://salvistas.com.br/instituto-para-as-obras-de-religiao/
redirecionar,-6,2013-06-18,Homilia diária do Papa,Notícias,262,news\.va|rádio vaticano|radio vaticano,homilia-diaria-do-papa,2055,https://salvistas.com.br/homilia-diaria-do-papa/
redirecionar,-6,2013-07-01,Curso de Comunicação para Bispos,Notícias,402,cn,curso-de-comunicacao-para-bispos,2063,https://salvistas.com.br/curso-de-comunicacao-para-bispos/
redirecionar,-6,2013-08-26,Papa no Angelus,Mundo,2083,cn (papa|bento xvi|card|dom |cnbb|bispo),papa-no-angelus,2079,https://salvistas.com.br/papa-no-angelus/
redirecionar,-6,2013-08-27,Pensamento de João Paulo II,Notícias,367,cn,pensamento-de-joao-paulo-ii,2080,https://salvistas.com.br/pensamento-de-joao-paulo-ii/
redirecionar,-6,2013-09-06,Papa pede ao G-20,Mundo,534,cn (papa|bento xvi|card|dom |cnbb|bispo),papa-pede-ao-g-20,2086,https://salvistas.com.br/papa-pede-ao-g-20/
redirecionar,-6,2013-09-13,Papa encontra-se com refugiados em Roma,Mundo,638,cn (papa|bento xvi|card|dom |cnbb|bispo),papa-encontra-se-com-refugiados-em-roma,2088,https://salvistas.com.br/papa-encontra-se-com-refugiados-em-roma/
redirecionar,-6,2013-09-24,Prêmios de Comunicação da CNBB,Notícias,1022,cn,premios-de-comunicacao-da-cnbb,2094,https://salvistas.com.br/premios-de-comunicacao-da-cnbb/
redirecionar,-6,2013-10-01,Tem início a Semana Nacional da Vida,Mundo,760,cn,tem-inicio-a-semana-nacional-da-vida,2099,https://salvistas.com.br/tem-inicio-a-semana-nacional-da-vida/
redirecionar,-6,2013-10-07,Papa Francisco em Assis,Mundo,1399,cn (papa|bento xvi|card|dom |cnbb|bispo),papa-francisco-em-assis,2101,https://salvistas.com.br/papa-francisco-em-assis/
redirecionar,-6,2013-10-09,Dia do Nascituro encerra Semana Nacional da Vida,Notícias,1106,cn,dia-do-nascituro-encerra-semana-nacional-da-vida,2103,https://salvistas.com.br/dia-do-nascituro-encerra-semana-nacional-da-vida/
redirecionar,-6,2013-10-15,Saudação ao monsenhor Ilson de Jesus Montanari,Mundo,486,cn,saudacao-ao-monsenhor-ilson-de-jesus-montanari,2108,https://salvistas.com.br/saudacao-ao-monsenhor-ilson-de-jesus-montanari/
redirecionar,-6,2013-10-18,Papa recebe presidente do Estado da Palestina,Mundo,308,cn (papa|bento xvi|card|dom |cnbb|bispo),papa-recebe-presidente-do-estado-da-palestina,2109,https://salvistas.com.br/papa-recebe-presidente-do-estado-da-palestina/
redirecionar,-6,2013-10-22,Formação para Compositores,Notícias,451,cn,formacao-para-compositores,2110,https://salvistas.com.br/formacao-para-compositores/
redirecionar,-6,2013-10-31,Papa pede ao Conselho Mundial de Igrejas,Mundo,558,cn (papa|bento xvi|card|dom |cnbb|bispo),papa-pede-ao-conselho-mundial-de-igrejas,2116,https://salvistas.com.br/papa-pede-ao-conselho-mundial-de-igrejas/
redirecionar,-6,2013-12-09,Campanha Mundial de combate à fome,Mundo,1184,cn,campanha-mundial-de-combate-a-fome,2138,https://salvistas.com.br/campanha-mundial-de-combate-a-fome/
redirecionar,-6,2013-12-13,Dia Mundial da Paz,Notícias,671,fonte,dia-mundial-da-paz,2143,https://salvistas.com.br/dia-mundial-da-paz/
redirecionar,-6,2013-12-20,Papa Francisco declara santo padre jesuíta,Notícias,252,cn (papa|bento xvi|card|dom |cnbb|bispo),papa-francisco-declara-santo-padre-jesuita,2147,https://salvistas.com.br/papa-francisco-declara-santo-padre-jesuita/
redirecionar,-6,2013-12-26,Papa em sua mensagem de Natal,Mundo,1013,votos cn (papa|bento xvi|card|dom |cnbb|bispo),papa-em-sua-mensagem-de-natal,2149,https://salvistas.com.br/papa-em-sua-mensagem-de-natal/
redirecionar,-6,2014-01-31,Francisco participará do 37º Congresso da Renovação Carismática,Mundo,106,news\.va|rádio vaticano|radio vaticano,francisco-participara-do-37o-congresso-da-renovacao-carismatica,2166,https://salvistas.com.br/francisco-participara-do-37o-congresso-da-renovacao-carismatica/
redirecionar,-6,2014-02-20,Terço dos homens,Artigos,1543,cn,terco-dos-homens,2175,https://salvistas.com.br/terco-dos-homens/
redirecionar,-6,2014-03-04,Campanha da Fraternidade 2014,Notícias,1051,cn,campanha-da-fraternidade-2014,2177,https://salvistas.com.br/campanha-da-fraternidade-2014/
redirecionar,-6,2014-04-10,Papa faz apelo pela paz na Síria,Mundo,428,cn (papa|bento xvi|card|dom |cnbb|bispo),papa-faz-apelo-pela-paz-na-siria,2196,https://salvistas.com.br/papa-faz-apelo-pela-paz-na-siria/
redirecionar,-6,2014-05-26,Dia das Comunicações,Notícias,201,cn,dia-das-comunicacoes,2288,https://salvistas.com.br/dia-das-comunicacoes/
redirecionar,-6,2014-12-18,Cuba e EUA restabelecem relações.,Mundo,248,fonte news\.va|rádio vaticano|radio vaticano,cuba-e-eua-restabelecem-relacoes,2416,https://salvistas.com.br/cuba-e-eua-restabelecem-relacoes/
redirecionar,-6,2015-02-02,Intenções de oração,Mundo,334,fonte news\.va|rádio vaticano|radio vaticano,intencoes-de-oracao,2492,https://salvistas.com.br/intencoes-de-oracao/
redirecionar,-6,2015-07-20,Jubileu da Misericórdia:,Mundo,251,fonte news\.va|rádio vaticano|radio vaticano,jubileu-da-misericordia,2560,https://salvistas.com.br/jubileu-da-misericordia/
redirecionar,-6,2016-02-02,2 de Fevereiro: DIA DA VIDA CONSAGRADA,Artigos,407,fonte zenit|acidigital|gaudium,2-de-fevereiro-dia-da-vida-consagrada,2739,https://salvistas.com.br/2-de-fevereiro-dia-da-vida-consagrada/
redirecionar,-6,2016-04-04,54ª Assembleia Geral da CNBB,Notícias,793,cn,54a-assembleia-geral-da-cnbb,2828,https://salvistas.com.br/54a-assembleia-geral-da-cnbb/
redirecionar,-6,2017-01-07,Texto-base da CF 2017,Notícias,416,cn,texto-base-da-cf-2017,2877,https://salvistas.com.br/texto-base-da-cf-2017/
redirecionar,-6,2017-01-26,21ª Dia Mundial da Vida Consagrada,Mundo,191,fonte,21a-dia-mundial-da-vida-consagrada,2887,https://salvistas.com.br/21a-dia-mundial-da-vida-consagrada/
redirecionar,-6,2017-03-01,Papa Francisco envia mensagem sobre a Campanha da Fraternidade,Notícias,952,cn (papa|bento xvi|card|dom |cnbb|bispo),papa-francisco-envia-mensagem-sobre-a-campanha-da-fraternidade,2895,https://salvistas.com.br/papa-francisco-envia-mensagem-sobre-a-campanha-da-fraternidade/
redirecionar,-7,2011-04-04,Bento XVI ensina,Notícias,360,fonte (papa|bento xvi|card|dom |cnbb|bispo),bento-xvi-ensina,382,https://salvistas.com.br/bento-xvi-ensina/
redirecionar,-7,2011-06-08,8º Encontro Nacional,Notícias,263,fonte cn,8%c2%ba-encontro-nacional-2,471,https://salvistas.com.br/8%c2%ba-encontro-nacional-2/
redirecionar,-7,2011-08-19,Bento XVI aos jovens,Mundo,16,(papa|bento xvi|card|dom |cnbb|bispo),bento-xvi-aos-jovens,880,https://salvistas.com.br/bento-xvi-aos-jovens/
redirecionar,-7,2011-09-23,Papa na Alemanha,Mundo,424,fonte (papa|bento xvi|card|dom |cnbb|bispo),papa-na-alemanha,1001,https://salvistas.com.br/papa-na-alemanha/
redirecionar,-7,2011-09-27,Papa à Alemanha,Mundo,195,news\.va|rádio vaticano|radio vaticano (papa|bento xvi|card|dom |cnbb|bispo),papa-a-alemanha,1007,https://salvistas.com.br/papa-a-alemanha/
redirecionar,-7,2012-06-18,"Evangelho Mateus 5,38-42",Salvistas,567,fonte evangelho ,evangelho-mateus-538-42,1144,https://salvistas.com.br/evangelho-mateus-538-42/
redirecionar,-7,2012-06-25,"Evangelho Mateus 7,1-5",Salvistas,519,fonte evangelho ,evangelho-mateus-71-5,1142,https://salvistas.com.br/evangelho-mateus-71-5/
redirecionar,-7,2012-08-27,Papa sobre a fé dos cristãos,Notícias,507,news\.va|rádio vaticano|radio vaticano (papa|bento xvi|card|dom |cnbb|bispo),papa-sobre-a-fe-dos-cristaos,1491,https://salvistas.com.br/papa-sobre-a-fe-dos-cristaos/
redirecionar,-7,2013-02-11,Bento XVI anuncia sua renúncia como Papa,Notícias,384,news\.va|rádio vaticano|radio vaticano (papa|bento xvi|card|dom |cnbb|bispo),bento-xvi-anuncia-sua-renuncia-como-papa,1931,https://salvistas.com.br/bento-xvi-anuncia-sua-renuncia-como-papa/
redirecionar,-7,2013-04-15,Reforma da Cúria Romana,Mundo,494,cn news\.va|rádio vaticano|radio vaticano audiência,reforma-da-curia-romana,2002,https://salvistas.com.br/reforma-da-curia-romana/
redirecionar,-7,2013-10-14,Papa Francisco consagra o mundo à Virgem Maria,Mundo,629,news\.va|rádio vaticano|radio vaticano (papa|bento xvi|card|dom |cnbb|bispo),papa-francisco-consagra-o-mundo-a-virgem-maria,2107,https://salvistas.com.br/papa-francisco-consagra-o-mundo-a-virgem-maria/
redirecionar,-7,2013-12-10,Vaticano reconhece novo milagre e virtudes heróicas,Mundo,1191,news\.va|rádio vaticano|radio vaticano audiência,vaticano-reconhece-novo-milagre-e-virtudes-heroicas,2139,https://salvistas.com.br/vaticano-reconhece-novo-milagre-e-virtudes-heroicas/
redirecionar,-7,2014-10-28,Evangeli Já,"Notícias, Salvistas",257,fonte cn,evangeli-ja,2371,https://salvistas.com.br/evangeli-ja/
redirecionar,-7,2015-01-23,Papa Francisco envia carta aos participantes do 11º ENPJ,Notícias,789,testemunho fonte cn (papa|bento xvi|card|dom |cnbb|bispo),papa-francisco-envia-carta-aos-participantes-do-11o-enpj,2466,https://salvistas.com.br/papa-francisco-envia-carta-aos-participantes-do-11o-enpj/
redirecionar,-7,2016-04-27,Papa presidirá Vigília de Oração Para enxugar as lágrimas,Mundo,426,news\.va|rádio vaticano|radio vaticano (papa|bento xvi|card|dom |cnbb|bispo),papa-presidira-vigilia-de-oracao-para-enxugar-as-lagrimas,2846,https://salvistas.com.br/papa-presidira-vigilia-de-oracao-para-enxugar-as-lagrimas/
redirecionar,-8,2011-01-13,Dom Murilo Krieger,Salvistas,388,cn (papa|bento xvi|card|dom |cnbb|bispo),dom-murilo-krieger,372,https://salvistas.com.br/dom-murilo-krieger/
redirecionar,-8,2011-07-06,Papa Bento XVI nomeia bispos,Notícias,279,cn (papa|bento xvi|card|dom |cnbb|bispo),papa-bento-xvi-nomeia-bispos,529,https://salvistas.com.br/papa-bento-xvi-nomeia-bispos/
redirecionar,-8,2012-08-28,Dom Helder Câmara,Notícias,376,cn (papa|bento xvi|card|dom |cnbb|bispo),dom-helder-camara,1534,https://salvistas.com.br/dom-helder-camara/
redirecionar,-8,2012-09-14,Papa Bento XVI chega ao Líbano,Notícias,378,cn (papa|bento xvi|card|dom |cnbb|bispo),papa-bento-xvi-chega-ao-libano,1663,https://salvistas.com.br/papa-bento-xvi-chega-ao-libano/
redirecionar,-8,2012-09-18,Dom Raymundo Damasceno,Notícias,964,votos cn (papa|bento xvi|card|dom |cnbb|bispo),dom-raymundo-damasceno,1666,https://salvistas.com.br/dom-raymundo-damasceno/
redirecionar,-8,2012-09-28,Dom Leonardo Ulrich Steiner concede entrevista,Notícias,511,cn (papa|bento xvi|card|dom |cnbb|bispo),dom-leonardo-ulrich-steiner-concede-entrevista,1704,https://salvistas.com.br/dom-leonardo-ulrich-steiner-concede-entrevista/
redirecionar,-8,2012-10-11,Indulgência Plenária,Mundo,388,profiss[ãa]o fonte zenit|acidigital|gaudium,indulgencia-plenaria,1734,https://salvistas.com.br/indulgencia-plenaria/
redirecionar,-8,2012-12-12,Papa aceita a renúncia de dom Luiz Soares Vieira,Notícias,215,ordena[çc][ãa]o cn (papa|bento xvi|card|dom |cnbb|bispo),papa-aceita-a-renuncia-de-dom-luiz-soares-vieira,1850,https://salvistas.com.br/papa-aceita-a-renuncia-de-dom-luiz-soares-vieira/
redirecionar,-8,2012-12-19,CNBB e a ação pastoral com a juventude,Notícias,333,ordena[çc][ãa]o cn (papa|bento xvi|card|dom |cnbb|bispo),cnbb-e-a-acao-pastoral-com-a-juventude,1853,https://salvistas.com.br/cnbb-e-a-acao-pastoral-com-a-juventude/
redirecionar,-8,2013-05-27,CNBB promove coleta nacional,Notícias,894,testemunho cn (papa|bento xvi|card|dom |cnbb|bispo),cnbb-promove-coleta-nacional,2043,https://salvistas.com.br/cnbb-promove-coleta-nacional/
redirecionar,-8,2013-06-19,Assembleias Regionais,Notícias,603,cn audiência,assembleias-regionais,2056,https://salvistas.com.br/assembleias-regionais/
redirecionar,-8,2013-06-21,Dom Damasceno fala da visita do Papa à Aparecida,Notícias,132,cn (papa|bento xvi|card|dom |cnbb|bispo),dom-damasceno-fala-da-visita-do-papa-a-aparecida,2057,https://salvistas.com.br/dom-damasceno-fala-da-visita-do-papa-a-aparecida/
redirecionar,-8,2013-06-25,CNBB cria ação de Boas vindas ao Papa Francisco,Notícias,498,testemunho cn (papa|bento xvi|card|dom |cnbb|bispo),cnbb-cria-acao-de-boas-vindas-ao-papa-francisco,2060,https://salvistas.com.br/cnbb-cria-acao-de-boas-vindas-ao-papa-francisco/
redirecionar,-8,2013-08-05,CNBB divulga nota,Salvistas,388,cn (papa|bento xvi|card|dom |cnbb|bispo),cnbb-divulga-nota,2073,https://salvistas.com.br/cnbb-divulga-nota/
redirecionar,-8,2013-09-04,CNBB e entidades,Salvistas,457,cn (papa|bento xvi|card|dom |cnbb|bispo),cnbb-e-entidades,2084,https://salvistas.com.br/cnbb-e-entidades/
redirecionar,-8,2013-09-05,Vigília pela paz no Dia de Oração e Jejum,Mundo,410,cn news\.va|rádio vaticano|radio vaticano,vigilia-pela-paz-no-dia-de-oracao-e-jejum,2085,https://salvistas.com.br/vigilia-pela-paz-no-dia-de-oracao-e-jejum/
redirecionar,-8,2013-09-20,Cardeal Rylko,Mundo,759,testemunho cn (papa|bento xvi|card|dom |cnbb|bispo),cardeal-rylko,2092,https://salvistas.com.br/cardeal-rylko/
redirecionar,-8,2013-10-14,CNBB celebra 61 anos de missão,Salvistas,1183,cn (papa|bento xvi|card|dom |cnbb|bispo),cnbb-celebra-61-anos-de-missao,2106,https://salvistas.com.br/cnbb-celebra-61-anos-de-missao/
redirecionar,-8,2013-11-13,Cáritas Internacional,Mundo,400,cn news\.va|rádio vaticano|radio vaticano,caritas-internacional,2124,https://salvistas.com.br/caritas-internacional/
redirecionar,-8,2013-11-27,CNBB lança coletânea,Salvistas,429,cn (papa|bento xvi|card|dom |cnbb|bispo),cnbb-lanca-coletanea,2132,https://salvistas.com.br/cnbb-lanca-coletanea/
redirecionar,-8,2014-02-25,Vaticano,Mundo,684,cn news\.va|rádio vaticano|radio vaticano,vaticano,2174,https://salvistas.com.br/vaticano/
redirecionar,-8,2014-04-08,CNBB convida jovens para missão na Amazônia,Salvistas,712,cn (papa|bento xvi|card|dom |cnbb|bispo),cnbb-convida-jovens-para-missao-na-amazonia,2194,https://salvistas.com.br/cnbb-convida-jovens-para-missao-na-amazonia/
redirecionar,-8,2015-02-24,São Gregório de Narek,Mundo,470,fonte news\.va|rádio vaticano|radio vaticano audiência,sao-gregorio-de-narek,2499,https://salvistas.com.br/sao-gregorio-de-narek/
redirecionar,-8,2016-01-04,Dez santos cujo exemplo nos ajudarão a viver o Ano da Misericórdia,Artigos,1089,testemunho zenit|acidigital|gaudium,dez-santos-cujo-exemplo-nos-ajudarao-a-viver-o-ano-da-misericordia,2615,https://salvistas.com.br/dez-santos-cujo-exemplo-nos-ajudarao-a-viver-o-ano-da-misericordia/
redirecionar,-8,2017-01-07,Intenções do Papa para os 12 meses de 2017,Mundo,457,testemunho zenit|acidigital|gaudium intenç[õo]es do (santo padre|papa),intencoes-do-papa-para-os-12-meses-de-2017,2880,https://salvistas.com.br/intencoes-do-papa-para-os-12-meses-de-2017/
redirecionar,-9,2011-05-17,Nota da CNBB a respeito da decisão do STF,Notícias,539,fonte cn,nota-da-cnbb-a-respeito-da-decisao-do-stf,453,https://salvistas.com.br/nota-da-cnbb-a-respeito-da-decisao-do-stf/
redirecionar,-9,2012-02-14,Mensagem do papa,Mundo,2014,ordena[çc][ãa]o votos profiss[ãa]o fonte cn zenit|acidigital|gaudium,mensagem-do-papa,1127,https://salvistas.com.br/mensagem-do-papa/
redirecionar,-9,2012-10-19,Oração para o Dia Nacional de Valorização da Família 2012,Notícias,604,fonte cn,oracao-para-o-dia-nacional-de-valorizacao-da-familia-2012,1744,https://salvistas.com.br/oracao-para-o-dia-nacional-de-valorizacao-da-familia-2012/
redirecionar,-9,2012-10-24,Reta final do Sínodo,Notícias,2217,cn zenit|acidigital|gaudium,reta-final-do-sinodo,1763,https://salvistas.com.br/reta-final-do-sinodo/
redirecionar,-9,2012-10-30,Dia Mundial do Migrante e do Refugiado de 2013,Notícias,1918,testemunho cn zenit|acidigital|gaudium,dia-mundial-do-migrante-e-do-refugiado-de-2013,1775,https://salvistas.com.br/dia-mundial-do-migrante-e-do-refugiado-de-2013/
redirecionar,-9,2012-12-11,Bento XVI,Notícias,564,cn zenit|acidigital|gaudium (papa|bento xvi|card|dom |cnbb|bispo),bento-xvi,1849,https://salvistas.com.br/bento-xvi/
redirecionar,-9,2013-09-28,Papa Francisco aos catequistas,Mundo,534,news\.va|rádio vaticano|radio vaticano audiência (papa|bento xvi|card|dom |cnbb|bispo),papa-francisco-aos-catequistas,2097,https://salvistas.com.br/papa-francisco-aos-catequistas/
redirecionar,-9,2013-11-26,“Evangelii gaudium” – A Alegria do Evangelho,Artigos,600,zenit|acidigital|gaudium,evangelii-gaudium-a-alegria-do-evangelho,2131,https://salvistas.com.br/evangelii-gaudium-a-alegria-do-evangelho/
redirecionar,-9,2013-12-12,Boa notícia para todo o povo!,Artigos,1092,zenit|acidigital|gaudium,boa-noticia-para-todo-o-povo,2141,https://salvistas.com.br/boa-noticia-para-todo-o-povo/
redirecionar,-9,2014-01-01,Homilia do Papa Francisco,Mundo,810,votos fonte news\.va|rádio vaticano|radio vaticano homilia do papa,homilia-do-papa-francisco,2152,https://salvistas.com.br/homilia-do-papa-francisco/
redirecionar,-9,2015-01-05,Papa Francisco criará 15 novos cardeais,Mundo,461,testemunho news\.va|rádio vaticano|radio vaticano (papa|bento xvi|card|dom |cnbb|bispo),papa-francisco-criara-15-novos-cardeais,2431,https://salvistas.com.br/papa-francisco-criara-15-novos-cardeais/
redirecionar,-9,2015-01-19,PROJETO DE INICIATIVA POPULAR,Notícias,431,fonte cn,projeto-de-iniciativa-popular,2457,https://salvistas.com.br/projeto-de-iniciativa-popular/
redirecionar,-9,2015-01-30,CONTRIBUIÇÃO DO POVO,Notícias,525,fonte cn,contribuicao-do-povo,2489,https://salvistas.com.br/contribuicao-do-povo/
redirecionar,-9,2015-01-30,Carmelita pregará Exercícios Espirituais da Quaresma à Cúria,Mundo,260,testemunho fonte news\.va|rádio vaticano|radio vaticano audiência,carmelita-pregara-exercicios-espirituais-da-quaresma-a-curia,2483,https://salvistas.com.br/carmelita-pregara-exercicios-espirituais-da-quaresma-a-curia/
redirecionar,-9,2015-03-04,Comunicado da CNBB sobre as manifestações sociais,Notícias,155,fonte cn,comunicado-da-cnbb-sobre-as-manifestacoes-sociais,2511,https://salvistas.com.br/comunicado-da-cnbb-sobre-as-manifestacoes-sociais/
redirecionar,-9,2016-06-27,Você conhece a mensagem do Quadro de Nossa Senhora do Perpétuo Socorro?,Artigos,622,fonte zenit|acidigital|gaudium,voce-conhece-a-mensagem-do-quadro-de-nossa-senhora-do-perpetuo-socorro,2855,https://salvistas.com.br/voce-conhece-a-mensagem-do-quadro-de-nossa-senhora-do-perpetuo-socorro/
redirecionar,-9,2017-06-13,Jornada de Oração pelo Brasil,Notícias,561,fonte cn,jornada-de-oracao-pelo-brasil,2904,https://salvistas.com.br/jornada-de-oracao-pelo-brasil/
redirecionar,-10,2011-03-12,Papa expressa tristeza por tragédia no Japão,Mundo,153,news\.va|rádio vaticano|radio vaticano (papa|bento xvi|card|dom |cnbb|bispo),papa-expressa-tristeza-por-tragedia-no-japao,357,https://salvistas.com.br/papa-expressa-tristeza-por-tragedia-no-japao/
redirecionar,-10,2011-03-30,Trabalho Escravo,Notícias,454,cn audiência,trabalho-escravo,384,https://salvistas.com.br/trabalho-escravo/
redirecionar,-10,2011-04-12,CNBB lança site Lectionautas Brasil,Notícias,419,cn (papa|bento xvi|card|dom |cnbb|bispo),cnbb-lanca-site-lectionautas-brasil-2,388,https://salvistas.com.br/cnbb-lanca-site-lectionautas-brasil-2/
redirecionar,-10,2011-07-12,"CNBB promove, em outubro, Congresso",Notícias,241,cn (papa|bento xvi|card|dom |cnbb|bispo),cnbb-promove-em-outubro-congresso,659,https://salvistas.com.br/cnbb-promove-em-outubro-congresso/
redirecionar,-10,2011-08-24,Senado Federal e sociedade civil,Salvistas,620,cn audiência,senado-federal-e-sociedade-civil,888,https://salvistas.com.br/senado-federal-e-sociedade-civil/
redirecionar,-10,2011-09-07,"CNBB, OAB e ABI",Notícias,416,cn (papa|bento xvi|card|dom |cnbb|bispo),cnbb-oab-e-abi,939,https://salvistas.com.br/cnbb-oab-e-abi/
redirecionar,-10,2011-11-10,Ficha Limpa,Notícias,396,cn audiência,ficha-limpa,1079,https://salvistas.com.br/ficha-limpa/
redirecionar,-10,2012-08-23,CNBB promove missa para parlamentares,Notícias,107,cn (papa|bento xvi|card|dom |cnbb|bispo),cnbb-promove-missa-para-parlamentares,1485,https://salvistas.com.br/cnbb-promove-missa-para-parlamentares/
redirecionar,-10,2012-09-05,CNBB divulgará notícias,Notícias,143,cn (papa|bento xvi|card|dom |cnbb|bispo),cnbb-divulgara-noticias,1651,https://salvistas.com.br/cnbb-divulgara-noticias/
redirecionar,-10,2012-09-12,Novo Código Penal,Notícias,883,cn audiência,novo-codigo-penal,1661,https://salvistas.com.br/novo-codigo-penal/
redirecionar,-10,2012-11-22,CNBB promove missa voltada a parlamentares,Notícias,148,cn (papa|bento xvi|card|dom |cnbb|bispo),cnbb-promove-missa-voltada-a-parlamentares,1830,https://salvistas.com.br/cnbb-promove-missa-voltada-a-parlamentares/
redirecionar,-10,2013-02-27,O Papa na última audiência pública,Notícias,588,cn audiência,o-papa-na-ultima-audiencia-publica,1943,https://salvistas.com.br/o-papa-na-ultima-audiencia-publica/
redirecionar,-10,2013-04-13,Dom Enemesio Angelo Lazzaris,Notícias,1021,cn (papa|bento xvi|card|dom |cnbb|bispo),dom-enemesio-angelo-lazzaris,1999,https://salvistas.com.br/dom-enemesio-angelo-lazzaris/
redirecionar,-10,2013-04-18,Bispos dão panorama geral da JMJ,Notícias,1010,cn (papa|bento xvi|card|dom |cnbb|bispo),bispos-dao-panorama-geral-da-jmj,2012,https://salvistas.com.br/bispos-dao-panorama-geral-da-jmj/
redirecionar,-10,2013-04-29,CNBB cria o Regional Norte 3,Notícias,341,cn (papa|bento xvi|card|dom |cnbb|bispo),cnbb-cria-o-regional-norte-3,2025,https://salvistas.com.br/cnbb-cria-o-regional-norte-3/
redirecionar,-10,2013-05-06,CNBB na TV,Notícias,304,cn (papa|bento xvi|card|dom |cnbb|bispo),cnbb-na-tv,2028,https://salvistas.com.br/cnbb-na-tv/
redirecionar,-10,2013-08-06,CNBB entrega mais de 865 mil assinaturas para o Comitê Saúde +10,Notícias,319,cn (papa|bento xvi|card|dom |cnbb|bispo),cnbb-entrega-mais-de-865-mil-assinaturas-para-o-comite-saude-10,2074,https://salvistas.com.br/cnbb-entrega-mais-de-865-mil-assinaturas-para-o-comite-saude-10/
redirecionar,-10,2013-09-18,Dom Jaime Splenger,Mundo,260,cn (papa|bento xvi|card|dom |cnbb|bispo),dom-jaime-splenger,2091,https://salvistas.com.br/dom-jaime-splenger/
redirecionar,-10,2013-10-11,50 anos da Sacrosanctum Concilium,Salvistas,696,fonte cn,50-anos-da-sacrosanctum-concilium,2105,https://salvistas.com.br/50-anos-da-sacrosanctum-concilium/
redirecionar,-10,2013-11-25,Encerra o Ano da Fé,Salvistas,442,zenit|acidigital|gaudium homilia do papa,encerra-o-ano-da-fe,2129,https://salvistas.com.br/encerra-o-ano-da-fe/
redirecionar,-10,2013-11-26,CNBB e Cáritas Brasileira,Mundo,462,cn (papa|bento xvi|card|dom |cnbb|bispo),cnbb-e-caritas-brasileira,2130,https://salvistas.com.br/cnbb-e-caritas-brasileira/
redirecionar,-10,2014-09-21,Papa na Albânia,Mundo,781,testemunho fonte cn news\.va|rádio vaticano|radio vaticano (papa|bento xvi|card|dom |cnbb|bispo),papa-na-albania,2349,https://salvistas.com.br/papa-na-albania/
redirecionar,-10,2014-11-12,Igreja e sociedade,Artigos,959,fonte cn zenit|acidigital|gaudium,igreja-e-sociedade,2382,https://salvistas.com.br/igreja-e-sociedade/
redirecionar,-10,2015-03-18,Audiência geral:,Mundo,555,fonte news\.va|rádio vaticano|radio vaticano audiência,audiencia-geral,2518,https://salvistas.com.br/audiencia-geral/
redirecionar,-10,2015-10-14,Papa Francisco nomeia arcebispo para Porto Velho,Notícias,231,cn (papa|bento xvi|card|dom |cnbb|bispo),papa-francisco-nomeia-arcebispo-para-porto-velho,2585,https://salvistas.com.br/papa-francisco-nomeia-arcebispo-para-porto-velho/
redirecionar,-11,2011-09-12,Dom Damasceno,Notícias,441,ordena[çc][ãa]o cn zenit|acidigital|gaudium (papa|bento xvi|card|dom |cnbb|bispo),dom-damasceno,951,https://salvistas.com.br/dom-damasceno/
redirecionar,-11,2014-01-12,Papa criará 16 novos cardeais,Mundo,685,elém do pará fonte cn (papa|bento xvi|card|dom |cnbb|bispo),papa-criara-16-novos-cardeais,2157,https://salvistas.com.br/papa-criara-16-novos-cardeais/
redirecionar,-11,2014-04-07,Encíclica sobre a ecologia,Mundo,299,fonte news\.va|rádio vaticano|radio vaticano audiência,enciclica-sobre-a-ecologia,2191,https://salvistas.com.br/enciclica-sobre-a-ecologia/
redirecionar,-11,2015-02-27,Papa de volta ao Vaticano depois do retiro quaresmal,Mundo,475,votos fonte news\.va|rádio vaticano|radio vaticano zenit|acidigital|gaudium (papa|bento xvi|card|dom |cnbb|bispo),papa-de-volta-ao-vaticano-depois-do-retiro-quaresmal,2508,https://salvistas.com.br/papa-de-volta-ao-vaticano-depois-do-retiro-quaresmal/
redirecionar,-12,2012-08-16,"Evangelho Mateus 18,21-19,1",Artigos,828,fonte evangelho ,evangelho-mateus-1821-191,1473,https://salvistas.com.br/evangelho-mateus-1821-191/
redirecionar,-12,2013-09-26,Papa Francisco adverte na Audiência Geral,Artigos,864,cn audiência (papa|bento xvi|card|dom |cnbb|bispo),papa-francisco-adverte-na-audiencia-geral,2095,https://salvistas.com.br/papa-francisco-adverte-na-audiencia-geral/
redirecionar,-12,2015-01-30,CAMINHO CRISTÃO,Mundo,506,fonte news\.va|rádio vaticano|radio vaticano homilia do papa,caminho-cristao,2480,https://salvistas.com.br/caminho-cristao/
redirecionar,-12,2016-02-02,Homilia do Papa,Mundo,901,fonte zenit|acidigital|gaudium homilia do papa,homilia-do-papa,2742,https://salvistas.com.br/homilia-do-papa/
redirecionar,-13,2011-10-27,CNBB se une ao Papa no encontro de Assis,Mundo,332,fonte cn (papa|bento xvi|card|dom |cnbb|bispo),cnbb-se-une-ao-papa-no-encontro-de-assis,1055,https://salvistas.com.br/cnbb-se-une-ao-papa-no-encontro-de-assis/
redirecionar,-13,2013-01-27,CNBB e arcebispo de Santa Maria (RS),Notícias,167,fonte cn (papa|bento xvi|card|dom |cnbb|bispo),cnbb-e-arcebispo-de-santa-maria-rs,1900,https://salvistas.com.br/cnbb-e-arcebispo-de-santa-maria-rs/
redirecionar,-13,2013-05-09,CNBB saúda novo bispo de Marília (SP) e o novo auxiliar de Brasília (DF),Notícias,656,fonte cn (papa|bento xvi|card|dom |cnbb|bispo),cnbb-sauda-novo-bispo-de-marilia-sp-e-o-novo-auxiliar-de-brasilia-df,2033,https://salvistas.com.br/cnbb-sauda-novo-bispo-de-marilia-sp-e-o-novo-auxiliar-de-brasilia-df/
redirecionar,-13,2014-04-08,Papa ao Comité Organizador da JMJ do Rio de Janeiro,Mundo,1241,news\.va|rádio vaticano|radio vaticano zenit|acidigital|gaudium (papa|bento xvi|card|dom |cnbb|bispo),papa-ao-comite-organizador-da-jmj-do-rio-de-janeiro,2193,https://salvistas.com.br/papa-ao-comite-organizador-da-jmj-do-rio-de-janeiro/
redirecionar,-14,2013-09-23,Mudanças na Cúria Romana,Mundo,600,fonte cn news\.va|rádio vaticano|radio vaticano,mudancas-na-curia-romana,2093,https://salvistas.com.br/mudancas-na-curia-romana/
redirecionar,-14,2013-12-17,Papa Francisco celebra 77 anos,Mundo,866,zenit|acidigital|gaudium audiência (papa|bento xvi|card|dom |cnbb|bispo),papa-francisco-celebra-77-anos,2145,https://salvistas.com.br/papa-francisco-celebra-77-anos/
redirecionar,-14,2015-03-20,Papa – Com a pena de morte não se chegará nunca à justiça,Mundo,656,testemunho fonte news\.va|rádio vaticano|radio vaticano audiência (papa|bento xvi|card|dom |cnbb|bispo),papa-com-a-pena-de-morte-nao-se-chegara-nunca-a-justica,2521,https://salvistas.com.br/papa-com-a-pena-de-morte-nao-se-chegara-nunca-a-justica/
redirecionar,-15,2013-04-10,Rádio Vaticano faz cobertura especial da Assembléia,Notícias,528,cn news\.va|rádio vaticano|radio vaticano,radio-vaticano-faz-cobertura-especial-da-assembleia,1997,https://salvistas.com.br/radio-vaticano-faz-cobertura-especial-da-assembleia/
redirecionar,-16,2013-04-30,CEFEP e CNLB,Notícias,522,cn zenit|acidigital|gaudium audiência,cefep-e-cnlb,2026,https://salvistas.com.br/cefep-e-cnlb/
redirecionar,-18,2014-02-14,Papa se encontrará com casais de namorados,Mundo,512,cn news\.va|rádio vaticano|radio vaticano audiência (papa|bento xvi|card|dom |cnbb|bispo),papa-se-encontrara-com-casais-de-namorados,2171,https://salvistas.com.br/papa-se-encontrara-com-casais-de-namorados/
apagar (spam),-98,2011-03-04,Best Games to play in 2023,Salvistas,574,est games,best-games-to-play-in-2023,3985,https://salvistas.com.br/best-games-to-play-in-2023/
